# x_m,y_m,w_tr_right_m,w_tr_left_m
0,0,4,4
0.032054,0.98971,4,4
0.063836,1.981,4,4
0.095454,2.9728,4,4
0.12615,3.9684,4,4
0.15684,4.9639,4,4
0.18654,5.962,4,4
0.21569,6.9614,4,4
0.24452,7.9613,4,4
0.27148,8.9641,4,4
0.29845,9.9669,4,4
0.32336,10.972,4,4
0.34717,11.977,4,4
0.37043,12.983,4,4
0.39064,13.991,4,4
0.41084,15,4,4
0.42853,16.01,4,4
0.44486,17.021,4,4
0.46063,18.033,4,4
0.47328,19.047,4,4
0.48592,20.061,4,4
0.49652,21.078,4,4
0.50601,22.095,4,4
0.51513,23.114,4,4
0.52219,24.135,4,4
0.52924,25.156,4,4
0.53529,26.18,4,4
0.54079,27.204,4,4
0.54616,28.23,4,4
0.55075,29.258,4,4
0.55535,30.286,4,4
0.55967,31.316,4,4
0.56384,32.348,4,4
0.56797,33.38,4,4
0.57183,34.415,4,4
0.57569,35.45,4,4
0.57916,36.486,4,4
0.58242,37.525,4,4
0.58554,38.563,4,4
0.58786,39.605,4,4
0.59018,40.646,4,4
0.59161,41.689,4,4
0.59256,42.734,4,4
0.59326,43.779,4,4
0.59257,44.826,4,4
0.59189,45.874,4,4
0.59007,46.923,4,4
0.58764,47.974,4,4
0.58495,49.025,4,4
0.58078,50.078,4,4
0.5766,51.13,4,4
0.57153,52.185,4,4
0.56597,53.24,4,4
0.56021,54.296,4,4
0.55326,55.354,4,4
0.5463,56.412,4,4
0.53826,57.472,4,4
0.52963,58.532,4,4
0.52074,59.593,4,4
0.51034,60.656,4,4
0.49995,61.719,4,4
0.48841,62.785,4,4
0.47626,63.852,4,4
0.46385,64.919,4,4
0.45007,65.989,4,4
0.43629,67.059,4,4
0.42153,68.132,4,4
0.40624,69.206,4,4
0.39077,70.281,4,4
0.37431,71.359,4,4
0.35785,72.437,4,4
0.34103,73.518,4,4
0.32402,74.6,4,4
0.30693,75.683,4,4
0.28938,76.77,4,4
0.27183,77.857,4,4
0.25366,78.946,4,4
0.23516,80.038,4,4
0.21647,81.129,4,4
0.19673,82.225,4,4
0.17699,83.321,4,4
0.15647,84.42,4,4
0.13551,85.52,4,4
0.11433,86.622,4,4
0.091855,87.727,4,4
0.069377,88.832,4,4
0.045602,89.941,4,4
0.021129,91.051,4,4
-0.0036411,92.162,4,4
-0.030094,93.277,4,4
-0.056548,94.391,4,4
-0.084019,95.509,4,4
-0.11204,96.628,4,4
-0.14021,97.747,4,4
-0.16924,98.869,4,4
-0.19827,99.992,4,4
-0.22748,101.12,4,4
-0.2568,102.24,4,4
-0.286,103.36,4,4
-0.31455,104.49,4,4
-0.3431,105.61,4,4
-0.37025,106.74,4,4
-0.39665,107.86,4,4
-0.42267,108.99,4,4
-0.44658,110.11,4,4
-0.47049,111.24,4,4
-0.49303,112.36,4,4
-0.51482,113.49,4,4
-0.53639,114.61,4,4
-0.55668,115.74,4,4
-0.57696,116.86,4,4
-0.59687,117.99,4,4
-0.61657,119.11,4,4
-0.63632,120.24,4,4
-0.65632,121.37,4,4
-0.67632,122.5,4,4
-0.69699,123.63,4,4
-0.71803,124.76,4,4
-0.73927,125.89,4,4
-0.76172,127.02,4,4
-0.78416,128.15,4,4
-0.80746,129.29,4,4
-0.83122,130.43,4,4
-0.85517,131.56,4,4
-0.88017,132.7,4,4
-0.90517,133.84,4,4
-0.93085,134.98,4,4
-0.95688,136.12,4,4
-0.98298,137.26,4,4
-1.0094,138.41,4,4
-1.0359,139.55,4,4
-1.062,140.7,4,4
-1.0879,141.84,4,4
-1.1136,142.99,4,4
-1.1382,144.14,4,4
-1.1628,145.29,4,4
-1.186,146.44,4,4
-1.2086,147.59,4,4
-1.2309,148.74,4,4
-1.2512,149.89,4,4
-1.2715,151.04,4,4
-1.2903,152.2,4,4
-1.3082,153.35,4,4
-1.3259,154.51,4,4
-1.3418,155.67,4,4
-1.3577,156.82,4,4
-1.3729,157.99,4,4
-1.3878,159.15,4,4
-1.4025,160.31,4,4
-1.4168,161.48,4,4
-1.431,162.64,4,4
-1.4451,163.81,4,4
-1.4591,164.98,4,4
-1.473,166.15,4,4
-1.487,167.32,4,4
-1.501,168.5,4,4
-1.515,169.67,4,4
-1.5292,170.84,4,4
-1.5434,172.02,4,4
-1.5578,173.19,4,4
-1.5722,174.36,4,4
-1.5865,175.53,4,4
-1.6008,176.69,4,4
-1.6151,177.86,4,4
-1.6293,179.02,4,4
-1.6436,180.17,4,4
-1.6581,181.32,4,4
-1.6727,182.47,4,4
-1.6874,183.61,4,4
-1.7023,184.74,4,4
-1.7171,185.87,4,4
-1.7319,186.99,4,4
-1.7466,188.1,4,4
-1.7612,189.21,4,4
-1.7753,190.3,4,4
-1.7894,191.39,4,4
-1.8028,192.47,4,4
-1.8159,193.55,4,4
-1.8287,194.62,4,4
-1.8403,195.67,4,4
-1.8518,196.73,4,4
-1.8619,197.78,4,4
-1.8712,198.81,4,4
-1.8802,199.85,4,4
-1.8873,200.87,4,4
-1.8943,201.9,4,4
-1.9001,202.91,4,4
-1.9052,203.91,4,4
-1.91,204.92,4,4
-1.9131,205.91,4,4
-1.9163,206.9,4,4
-1.9181,207.87,4,4
-1.9193,208.85,4,4
-1.9202,209.82,4,4
-1.9193,210.77,4,4
-1.9185,211.73,4,4
-1.9164,212.67,4,4
-1.9135,213.61,4,4
-1.9104,214.55,4,4
-1.9058,215.47,4,4
-1.9011,216.39,4,4
-1.8954,217.3,4,4
-1.8893,218.21,4,4
-1.883,219.11,4,4
-1.8761,220,4,4
-1.8692,220.89,4,4
-1.8626,221.77,4,4
-1.8561,222.64,4,4
-1.8497,223.51,4,4
-1.8446,224.36,4,4
-1.8394,225.22,4,4
-1.8357,226.07,4,4
-1.833,226.9,4,4
-1.8306,227.74,4,4
-1.8307,228.56,4,4
-1.8307,229.38,4,4
-1.8325,230.2,4,4
-1.8352,231,4,4
-1.8383,231.8,4,4
-1.8432,232.59,4,4
-1.8481,233.38,4,4
-1.8538,234.16,4,4
-1.8599,234.93,4,4
-1.8661,235.7,4,4
-1.8725,236.46,4,4
-1.879,237.22,4,4
-1.8852,237.97,4,4
-1.8913,238.71,4,4
-1.8972,239.45,4,4
-1.9022,240.18,4,4
-1.9071,240.91,4,4
-1.9111,241.63,4,4
-1.9146,242.35,4,4
-1.9177,243.06,4,4
-1.919,243.76,4,4
-1.9202,244.46,4,4
-1.9194,245.15,4,4
-1.9175,245.84,4,4
-1.915,246.53,4,4
-1.9097,247.2,4,4
-1.9043,247.88,4,4
-1.8966,248.54,4,4
-1.8877,249.21,4,4
-1.8783,249.87,4,4
-1.867,250.52,4,4
-1.8556,251.17,4,4
-1.8442,251.81,4,4
-1.8328,252.45,4,4
-1.8217,253.09,4,4
-1.8121,253.73,4,4
-1.8026,254.36,4,4
-1.7955,254.98,4,4
-1.7897,255.61,4,4
-1.7845,256.23,4,4
-1.7828,256.85,4,4
-1.781,257.46,4,4
-1.7811,258.07,4,4
-1.7822,258.68,4,4
-1.7835,259.28,4,4
-1.7857,259.88,4,4
-1.788,260.48,4,4
-1.7892,261.07,4,4
-1.7899,261.65,4,4
-1.7902,262.24,4,4
-1.7877,262.81,4,4
-1.7852,263.39,4,4
-1.7799,263.96,4,4
-1.7731,264.52,4,4
-1.7655,265.08,4,4
-1.7535,265.63,4,4
-1.7414,266.18,4,4
-1.7257,266.73,4,4
-1.708,267.28,4,4
-1.6894,267.82,4,4
-1.6657,268.36,4,4
-1.642,268.9,4,4
-1.614,269.44,4,4
-1.5837,269.97,4,4
-1.5524,270.51,4,4
-1.5155,271.05,4,4
-1.4786,271.58,4,4
-1.4374,272.11,4,4
-1.394,272.65,4,4
-1.3495,273.18,4,4
-1.2995,273.71,4,4
-1.2495,274.24,4,4
-1.1948,274.77,4,4
-1.1377,275.3,4,4
-1.0794,275.82,4,4
-1.0144,276.35,4,4
-0.9495,276.87,4,4
-0.87869,277.39,4,4
-0.8047,277.91,4,4
-0.72928,278.42,4,4
-0.64566,278.94,4,4
-0.56205,279.46,4,4
-0.4717,279.97,4,4
-0.37771,280.48,4,4
-0.28222,281,4,4
-0.17821,281.51,4,4
-0.074199,282.02,4,4
0.035676,282.53,4,4
0.14871,283.04,4,4
0.26305,283.55,4,4
0.38479,284.06,4,4
0.50654,284.57,4,4
0.63387,285.07,4,4
0.76422,285.58,4,4
0.89596,286.09,4,4
1.0356,286.59,4,4
1.1752,287.09,4,4
1.3218,287.6,4,4
1.4721,288.1,4,4
1.6243,288.6,4,4
1.7864,289.09,4,4
1.9486,289.59,4,4
2.1193,290.08,4,4
2.2946,290.57,4,4
2.4718,291.06,4,4
2.66,291.55,4,4
2.8483,292.03,4,4
3.0442,292.51,4,4
3.2444,293,4,4
3.4462,293.48,4,4
3.6571,293.95,4,4
3.8681,294.43,4,4
4.085,294.9,4,4
4.3051,295.37,4,4
4.5264,295.84,4,4
4.7552,296.31,4,4
4.9839,296.77,4,4
5.2186,297.24,4,4
5.4564,297.7,4,4
5.6958,298.15,4,4
5.9436,298.61,4,4
6.1914,299.06,4,4
6.4469,299.51,4,4
6.7064,299.95,4,4
6.9678,300.4,4,4
7.2399,300.84,4,4
7.512,301.28,4,4
7.7925,301.71,4,4
8.0777,302.14,4,4
8.3648,302.57,4,4
8.663,302.99,4,4
8.9613,303.41,4,4
9.2678,303.83,4,4
9.5788,304.24,4,4
9.8916,304.65,4,4
10.215,305.06,4,4
10.539,305.46,4,4
10.871,305.86,4,4
11.207,306.25,4,4
11.545,306.65,4,4
11.893,307.03,4,4
12.242,307.41,4,4
12.598,307.79,4,4
12.959,308.16,4,4
13.322,308.53,4,4
13.694,308.89,4,4
14.066,309.25,4,4
14.444,309.61,4,4
14.826,309.96,4,4
15.21,310.31,4,4
15.601,310.66,4,4
15.992,311,4,4
16.388,311.34,4,4
16.788,311.67,4,4
17.188,312.01,4,4
17.596,312.34,4,4
18.003,312.66,4,4
18.416,312.98,4,4
18.831,313.3,4,4
19.248,313.62,4,4
19.672,313.93,4,4
20.096,314.24,4,4
20.525,314.54,4,4
20.958,314.85,4,4
21.391,315.14,4,4
21.833,315.43,4,4
22.274,315.72,4,4
22.72,316.01,4,4
23.169,316.29,4,4
23.619,316.57,4,4
24.077,316.83,4,4
24.534,317.1,4,4
24.996,317.37,4,4
25.462,317.63,4,4
25.928,317.88,4,4
26.402,318.13,4,4
26.875,318.38,4,4
27.355,318.62,4,4
27.837,318.86,4,4
28.321,319.1,4,4
28.812,319.32,4,4
29.303,319.55,4,4
29.8,319.77,4,4
30.3,319.98,4,4
30.801,320.2,4,4
31.31,320.4,4,4
31.818,320.61,4,4
32.331,320.8,4,4
32.847,321,4,4
33.364,321.19,4,4
33.887,321.38,4,4
34.411,321.56,4,4
34.938,321.74,4,4
35.469,321.92,4,4
36,322.09,4,4
36.538,322.26,4,4
37.075,322.43,4,4
37.618,322.59,4,4
38.163,322.74,4,4
38.71,322.9,4,4
39.264,323.04,4,4
39.817,323.19,4,4
40.376,323.33,4,4
40.937,323.46,4,4
41.5,323.6,4,4
42.07,323.72,4,4
42.639,323.85,4,4
43.213,323.97,4,4
43.79,324.09,4,4
44.368,324.21,4,4
44.952,324.33,4,4
45.536,324.45,4,4
46.124,324.56,4,4
46.714,324.67,4,4
47.306,324.78,4,4
47.902,324.89,4,4
48.499,325,4,4
49.1,325.11,4,4
49.703,325.21,4,4
50.307,325.31,4,4
50.917,325.41,4,4
51.526,325.51,4,4
52.139,325.61,4,4
52.755,325.7,4,4
53.371,325.79,4,4
53.993,325.88,4,4
54.615,325.97,4,4
55.24,326.05,4,4
55.868,326.13,4,4
56.497,326.21,4,4
57.131,326.28,4,4
57.765,326.35,4,4
58.404,326.41,4,4
59.045,326.48,4,4
59.687,326.54,4,4
60.335,326.59,4,4
60.982,326.65,4,4
61.635,326.7,4,4
62.289,326.74,4,4
62.945,326.79,4,4
63.606,326.83,4,4
64.268,326.87,4,4
64.933,326.91,4,4
65.601,326.94,4,4
66.269,326.97,4,4
66.943,327,4,4
67.617,327.03,4,4
68.294,327.05,4,4
68.973,327.07,4,4
69.653,327.09,4,4
70.338,327.1,4,4
71.023,327.11,4,4
71.711,327.12,4,4
72.401,327.13,4,4
73.091,327.14,4,4
73.787,327.14,4,4
74.482,327.14,4,4
75.181,327.14,4,4
75.882,327.13,4,4
76.583,327.13,4,4
77.289,327.12,4,4
77.996,327.11,4,4
78.705,327.1,4,4
79.417,327.09,4,4
80.13,327.08,4,4
80.847,327.07,4,4
81.564,327.05,4,4
82.285,327.04,4,4
83.008,327.02,4,4
83.732,327.01,4,4
84.461,326.99,4,4
85.19,326.97,4,4
85.923,326.95,4,4
86.657,326.93,4,4
87.393,326.91,4,4
88.134,326.89,4,4
88.874,326.87,4,4
89.619,326.84,4,4
90.365,326.82,4,4
91.112,326.8,4,4
91.863,326.77,4,4
92.613,326.74,4,4
93.367,326.71,4,4
94.122,326.68,4,4
94.877,326.65,4,4
95.635,326.62,4,4
96.393,326.58,4,4
97.153,326.55,4,4
97.913,326.51,4,4
98.674,326.47,4,4
99.437,326.43,4,4
100.2,326.38,4,4
100.97,326.34,4,4
101.73,326.29,4,4
102.5,326.25,4,4
103.27,326.2,4,4
104.04,326.15,4,4
104.82,326.1,4,4
105.59,326.05,4,4
106.37,326,4,4
107.15,325.95,4,4
107.93,325.9,4,4
108.72,325.85,4,4
109.51,325.8,4,4
110.3,325.75,4,4
111.09,325.7,4,4
111.88,325.65,4,4
112.68,325.6,4,4
113.47,325.56,4,4
114.27,325.51,4,4
115.07,325.46,4,4
115.87,325.42,4,4
116.67,325.37,4,4
117.48,325.33,4,4
118.28,325.28,4,4
119.09,325.24,4,4
119.9,325.2,4,4
120.71,325.15,4,4
121.52,325.11,4,4
122.34,325.06,4,4
123.15,325.02,4,4
123.97,324.97,4,4
124.79,324.93,4,4
125.61,324.88,4,4
126.43,324.84,4,4
127.26,324.79,4,4
128.08,324.75,4,4
128.91,324.71,4,4
129.74,324.66,4,4
130.57,324.62,4,4
131.4,324.58,4,4
132.24,324.54,4,4
133.08,324.5,4,4
133.91,324.46,4,4
134.75,324.43,4,4
135.6,324.39,4,4
136.44,324.35,4,4
137.29,324.32,4,4
138.14,324.28,4,4
138.99,324.25,4,4
139.84,324.21,4,4
140.7,324.18,4,4
141.55,324.15,4,4
142.41,324.11,4,4
143.27,324.08,4,4
144.14,324.05,4,4
145,324.02,4,4
145.87,324,4,4
146.74,323.97,4,4
147.61,323.94,4,4
148.48,323.92,4,4
149.35,323.9,4,4
150.23,323.87,4,4
151.11,323.85,4,4
151.99,323.83,4,4
152.87,323.81,4,4
153.75,323.8,4,4
154.64,323.78,4,4
155.52,323.76,4,4
156.41,323.75,4,4
157.3,323.74,4,4
158.19,323.72,4,4
159.09,323.71,4,4
159.98,323.7,4,4
160.88,323.69,4,4
161.78,323.69,4,4
162.68,323.68,4,4
163.58,323.68,4,4
164.48,323.67,4,4
165.39,323.67,4,4
166.3,323.68,4,4
167.21,323.68,4,4
168.12,323.69,4,4
169.03,323.69,4,4
169.94,323.7,4,4
170.86,323.72,4,4
171.78,323.74,4,4
172.7,323.76,4,4
173.62,323.78,4,4
174.54,323.8,4,4
175.46,323.83,4,4
176.39,323.85,4,4
177.31,323.89,4,4
178.24,323.92,4,4
179.17,323.95,4,4
180.1,323.99,4,4
181.03,324.03,4,4
181.96,324.07,4,4
182.9,324.12,4,4
183.83,324.16,4,4
184.77,324.21,4,4
185.71,324.26,4,4
186.65,324.31,4,4
187.59,324.36,4,4
188.53,324.41,4,4
189.48,324.47,4,4
190.43,324.52,4,4
191.37,324.58,4,4
192.32,324.63,4,4
193.27,324.69,4,4
194.23,324.75,4,4
195.18,324.8,4,4
196.14,324.86,4,4
197.09,324.92,4,4
198.05,324.98,4,4
199.01,325.04,4,4
199.97,325.1,4,4
200.93,325.16,4,4
201.9,325.23,4,4
202.86,325.29,4,4
203.83,325.36,4,4
204.8,325.43,4,4
205.76,325.49,4,4
206.73,325.57,4,4
207.7,325.64,4,4
208.67,325.71,4,4
209.63,325.78,4,4
210.6,325.85,4,4
211.56,325.93,4,4
212.52,326,4,4
213.47,326.08,4,4
214.43,326.15,4,4
215.37,326.22,4,4
216.31,326.3,4,4
217.25,326.37,4,4
218.18,326.44,4,4
219.11,326.52,4,4
220.02,326.59,4,4
220.93,326.66,4,4
221.84,326.73,4,4
222.74,326.8,4,4
223.63,326.87,4,4
224.51,326.94,4,4
225.39,327.01,4,4
226.27,327.08,4,4
227.13,327.16,4,4
228,327.23,4,4
228.85,327.3,4,4
229.7,327.37,4,4
230.54,327.44,4,4
231.38,327.51,4,4
232.21,327.58,4,4
233.03,327.65,4,4
233.85,327.72,4,4
234.66,327.79,4,4
235.46,327.86,4,4
236.27,327.93,4,4
237.06,328,4,4
237.84,328.07,4,4
238.62,328.14,4,4
239.39,328.21,4,4
240.16,328.28,4,4
240.92,328.35,4,4
241.67,328.42,4,4
242.42,328.49,4,4
243.16,328.56,4,4
243.9,328.63,4,4
244.63,328.71,4,4
245.35,328.78,4,4
246.07,328.85,4,4
246.78,328.93,4,4
247.49,329,4,4
248.18,329.07,4,4
248.88,329.15,4,4
249.57,329.22,4,4
250.24,329.3,4,4
250.92,329.38,4,4
251.59,329.45,4,4
252.25,329.53,4,4
252.91,329.61,4,4
253.55,329.68,4,4
254.2,329.76,4,4
254.84,329.83,4,4
255.47,329.9,4,4
256.1,329.98,4,4
256.72,330.05,4,4
257.34,330.12,4,4
257.95,330.19,4,4
258.56,330.25,4,4
259.16,330.32,4,4
259.75,330.39,4,4
260.35,330.45,4,4
260.93,330.52,4,4
261.51,330.58,4,4
262.09,330.64,4,4
262.65,330.7,4,4
263.22,330.76,4,4
263.78,330.82,4,4
264.33,330.88,4,4
264.88,330.94,4,4
265.42,330.99,4,4
265.96,331.04,4,4
266.49,331.1,4,4
267.02,331.15,4,4
267.54,331.19,4,4
268.06,331.24,4,4
268.57,331.28,4,4
269.08,331.33,4,4
269.58,331.37,4,4
270.08,331.41,4,4
270.57,331.44,4,4
271.07,331.48,4,4
271.55,331.51,4,4
272.03,331.54,4,4
272.51,331.57,4,4
272.98,331.6,4,4
273.45,331.63,4,4
273.92,331.65,4,4
274.38,331.68,4,4
274.84,331.7,4,4
275.3,331.73,4,4
275.75,331.75,4,4
276.2,331.77,4,4
276.65,331.78,4,4
277.09,331.8,4,4
277.53,331.81,4,4
277.97,331.82,4,4
278.4,331.82,4,4
278.83,331.82,4,4
279.26,331.82,4,4
279.68,331.81,4,4
280.1,331.8,4,4
280.52,331.78,4,4
280.93,331.76,4,4
281.34,331.74,4,4
281.74,331.7,4,4
282.14,331.67,4,4
282.54,331.63,4,4
282.94,331.58,4,4
283.33,331.54,4,4
283.72,331.48,4,4
284.1,331.42,4,4
284.49,331.36,4,4
284.86,331.29,4,4
285.24,331.23,4,4
285.61,331.15,4,4
285.98,331.07,4,4
286.35,330.99,4,4
286.72,330.91,4,4
287.08,330.82,4,4
287.44,330.73,4,4
287.8,330.63,4,4
288.15,330.53,4,4
288.5,330.43,4,4
288.86,330.33,4,4
289.2,330.21,4,4
289.55,330.1,4,4
289.9,329.98,4,4
290.24,329.86,4,4
290.58,329.74,4,4
290.92,329.6,4,4
291.26,329.47,4,4
291.59,329.33,4,4
291.93,329.19,4,4
292.26,329.04,4,4
292.58,328.89,4,4
292.91,328.74,4,4
293.23,328.58,4,4
293.55,328.42,4,4
293.87,328.25,4,4
294.18,328.08,4,4
294.49,327.91,4,4
294.79,327.73,4,4
295.09,327.54,4,4
295.4,327.36,4,4
295.69,327.16,4,4
295.99,326.97,4,4
296.28,326.77,4,4
296.56,326.56,4,4
296.85,326.35,4,4
297.13,326.13,4,4
297.41,325.91,4,4
297.68,325.68,4,4
297.95,325.45,4,4
298.22,325.22,4,4
298.48,324.98,4,4
298.73,324.74,4,4
298.98,324.49,4,4
299.23,324.23,4,4
299.48,323.98,4,4
299.71,323.71,4,4
299.94,323.44,4,4
300.17,323.17,4,4
300.39,322.89,4,4
300.61,322.61,4,4
300.83,322.32,4,4
301.04,322.03,4,4
301.25,321.73,4,4
301.46,321.43,4,4
301.67,321.13,4,4
301.87,320.82,4,4
302.08,320.51,4,4
302.28,320.19,4,4
302.48,319.88,4,4
302.68,319.56,4,4
302.88,319.24,4,4
303.08,318.91,4,4
303.27,318.59,4,4
303.46,318.26,4,4
303.65,317.92,4,4
303.83,317.59,4,4
304.01,317.25,4,4
304.19,316.91,4,4
304.35,316.57,4,4
304.52,316.22,4,4
304.67,315.87,4,4
304.83,315.52,4,4
304.97,315.17,4,4
305.12,314.81,4,4
305.26,314.46,4,4
305.39,314.1,4,4
305.52,313.74,4,4
305.64,313.38,4,4
305.77,313.01,4,4
305.89,312.65,4,4
306.01,312.28,4,4
306.12,311.91,4,4
306.24,311.53,4,4
306.35,311.15,4,4
306.46,310.78,4,4
306.56,310.39,4,4
306.67,310.01,4,4
306.77,309.61,4,4
306.87,309.22,4,4
306.97,308.82,4,4
307.07,308.42,4,4
307.16,308.01,4,4
307.25,307.6,4,4
307.34,307.19,4,4
307.43,306.78,4,4
307.51,306.35,4,4
307.6,305.93,4,4
307.68,305.5,4,4
307.76,305.08,4,4
307.84,304.65,4,4
307.91,304.21,4,4
307.99,303.78,4,4
308.07,303.34,4,4
308.14,302.91,4,4
308.21,302.47,4,4
308.29,302.03,4,4
308.36,301.59,4,4
308.44,301.15,4,4
308.51,300.71,4,4
308.58,300.27,4,4
308.66,299.82,4,4
308.73,299.38,4,4
308.81,298.93,4,4
308.88,298.47,4,4
308.96,298.02,4,4
309.03,297.56,4,4
309.1,297.1,4,4
309.17,296.63,4,4
309.23,296.16,4,4
309.3,295.69,4,4
309.35,295.21,4,4
309.41,294.72,4,4
309.45,294.23,4,4
309.5,293.74,4,4
309.54,293.25,4,4
309.56,292.75,4,4
309.59,292.24,4,4
309.61,291.73,4,4
309.63,291.22,4,4
309.64,290.71,4,4
309.65,290.18,4,4
309.65,289.66,4,4
309.65,289.14,4,4
309.65,288.61,4,4
309.65,288.07,4,4
309.64,287.54,4,4
309.63,287,4,4
309.62,286.46,4,4
309.61,285.91,4,4
309.61,285.37,4,4
309.6,284.82,4,4
309.59,284.27,4,4
309.58,283.72,4,4
309.57,283.16,4,4
309.56,282.6,4,4
309.55,282.04,4,4
309.54,281.48,4,4
309.53,280.91,4,4
309.52,280.34,4,4
309.51,279.77,4,4
309.5,279.19,4,4
309.49,278.62,4,4
309.48,278.04,4,4
309.47,277.46,4,4
309.45,276.88,4,4
309.44,276.3,4,4
309.42,275.71,4,4
309.41,275.13,4,4
309.39,274.55,4,4
309.37,273.97,4,4
309.34,273.39,4,4
309.32,272.81,4,4
309.29,272.24,4,4
309.26,271.66,4,4
309.23,271.09,4,4
309.2,270.51,4,4
309.16,269.94,4,4
309.13,269.36,4,4
309.09,268.78,4,4
309.05,268.2,4,4
309.02,267.62,4,4
308.98,267.04,4,4
308.94,266.45,4,4
308.91,265.86,4,4
308.88,265.26,4,4
308.85,264.66,4,4
308.82,264.06,4,4
308.8,263.45,4,4
308.78,262.83,4,4
308.76,262.22,4,4
308.75,261.59,4,4
308.74,260.96,4,4
308.73,260.32,4,4
308.73,259.68,4,4
308.73,259.03,4,4
308.74,258.37,4,4
308.75,257.71,4,4
308.76,257.03,4,4
308.77,256.35,4,4
308.78,255.67,4,4
308.8,254.98,4,4
308.82,254.28,4,4
308.83,253.58,4,4
308.85,252.88,4,4
308.87,252.18,4,4
308.88,251.47,4,4
308.9,250.76,4,4
308.91,250.05,4,4
308.92,249.34,4,4
308.93,248.63,4,4
308.94,247.92,4,4
308.94,247.21,4,4
308.94,246.5,4,4
308.94,245.8,4,4
308.94,245.1,4,4
308.94,244.39,4,4
308.93,243.69,4,4
308.93,242.98,4,4
308.92,242.28,4,4
308.92,241.57,4,4
308.92,240.87,4,4
308.91,240.16,4,4
308.91,239.44,4,4
308.91,238.73,4,4
308.91,238.01,4,4
308.91,237.29,4,4
308.91,236.56,4,4
308.92,235.84,4,4
308.92,235.11,4,4
308.93,234.37,4,4
308.93,233.64,4,4
308.94,232.9,4,4
308.94,232.16,4,4
308.95,231.42,4,4
308.95,230.68,4,4
308.95,229.93,4,4
308.96,229.19,4,4
308.96,228.44,4,4
308.97,227.69,4,4
308.97,226.93,4,4
308.98,226.18,4,4
308.98,225.42,4,4
308.99,224.66,4,4
308.99,223.9,4,4
308.99,223.14,4,4
309,222.37,4,4
309,221.6,4,4
309.01,220.83,4,4
309.01,220.06,4,4
309.02,219.29,4,4
309.02,218.51,4,4
309.02,217.73,4,4
309.03,216.95,4,4
309.03,216.17,4,4
309.04,215.39,4,4
309.04,214.6,4,4
309.04,213.81,4,4
309.05,213.03,4,4
309.05,212.24,4,4
309.06,211.45,4,4
309.06,210.66,4,4
309.07,209.87,4,4
309.07,209.07,4,4
309.08,208.28,4,4
309.09,207.49,4,4
309.09,206.69,4,4
309.1,205.89,4,4
309.11,205.1,4,4
309.11,204.3,4,4
309.12,203.5,4,4
309.13,202.69,4,4
309.14,201.89,4,4
309.14,201.08,4,4
309.15,200.28,4,4
309.16,199.47,4,4
309.16,198.66,4,4
309.17,197.84,4,4
309.18,197.03,4,4
309.18,196.21,4,4
309.19,195.39,4,4
309.2,194.57,4,4
309.2,193.74,4,4
309.21,192.92,4,4
309.22,192.09,4,4
309.22,191.26,4,4
309.23,190.43,4,4
309.24,189.59,4,4
309.24,188.76,4,4
309.25,187.92,4,4
309.25,187.08,4,4
309.26,186.24,4,4
309.27,185.4,4,4
309.27,184.55,4,4
309.28,183.71,4,4
309.28,182.86,4,4
309.28,182.01,4,4
309.29,181.16,4,4
309.29,180.31,4,4
309.3,179.45,4,4
309.3,178.6,4,4
309.3,177.74,4,4
309.31,176.88,4,4
309.31,176.02,4,4
309.32,175.15,4,4
309.32,174.29,4,4
309.33,173.42,4,4
309.33,172.55,4,4
309.34,171.68,4,4
309.34,170.81,4,4
309.35,169.93,4,4
309.35,169.05,4,4
309.36,168.18,4,4
309.37,167.3,4,4
309.37,166.41,4,4
309.38,165.53,4,4
309.39,164.64,4,4
309.39,163.76,4,4
309.4,162.87,4,4
309.41,161.98,4,4
309.41,161.08,4,4
309.42,160.19,4,4
309.43,159.29,4,4
309.43,158.4,4,4
309.43,157.5,4,4
309.44,156.6,4,4
309.44,155.69,4,4
309.45,154.79,4,4
309.45,153.88,4,4
309.45,152.98,4,4
309.46,152.07,4,4
309.46,151.16,4,4
309.46,150.25,4,4
309.46,149.33,4,4
309.47,148.41,4,4
309.47,147.5,4,4
309.47,146.58,4,4
309.48,145.65,4,4
309.48,144.73,4,4
309.49,143.8,4,4
309.49,142.88,4,4
309.5,141.95,4,4
309.5,141.02,4,4
309.51,140.09,4,4
309.52,139.15,4,4
309.52,138.22,4,4
309.53,137.28,4,4
309.54,136.34,4,4
309.55,135.4,4,4
309.55,134.45,4,4
309.56,133.51,4,4
309.57,132.57,4,4
309.58,131.62,4,4
309.58,130.68,4,4
309.59,129.73,4,4
309.6,128.78,4,4
309.6,127.84,4,4
309.61,126.9,4,4
309.62,125.96,4,4
309.62,125.02,4,4
309.63,124.08,4,4
309.63,123.15,4,4
309.64,122.22,4,4
309.64,121.3,4,4
309.65,120.38,4,4
309.65,119.46,4,4
309.66,118.55,4,4
309.66,117.64,4,4
309.67,116.75,4,4
309.68,115.85,4,4
309.68,114.96,4,4
309.69,114.08,4,4
309.7,113.2,4,4
309.7,112.33,4,4
309.71,111.47,4,4
309.71,110.61,4,4
309.72,109.76,4,4
309.73,108.91,4,4
309.73,108.07,4,4
309.74,107.23,4,4
309.74,106.4,4,4
309.74,105.58,4,4
309.75,104.76,4,4
309.75,103.95,4,4
309.75,103.14,4,4
309.75,102.34,4,4
309.75,101.55,4,4
309.75,100.76,4,4
309.75,99.98,4,4
309.74,99.204,4,4
309.74,98.43,4,4
309.73,97.667,4,4
309.72,96.904,4,4
309.71,96.149,4,4
309.69,95.396,4,4
309.68,94.646,4,4
309.66,93.903,4,4
309.64,93.161,4,4
309.62,92.424,4,4
309.6,91.69,4,4
309.58,90.957,4,4
309.55,90.232,4,4
309.53,89.506,4,4
309.5,88.787,4,4
309.47,88.07,4,4
309.44,87.356,4,4
309.41,86.65,4,4
309.38,85.944,4,4
309.34,85.247,4,4
309.31,84.553,4,4
309.27,83.861,4,4
309.22,83.181,4,4
309.18,82.5,4,4
309.13,81.828,4,4
309.08,81.161,4,4
309.03,80.496,4,4
308.97,79.842,4,4
308.91,79.188,4,4
308.85,78.541,4,4
308.78,77.898,4,4
308.72,77.257,4,4
308.64,76.623,4,4
308.57,75.99,4,4
308.49,75.362,4,4
308.41,74.736,4,4
308.32,74.111,4,4
308.23,73.491,4,4
308.14,72.871,4,4
308.05,72.255,4,4
307.95,71.641,4,4
307.85,71.028,4,4
307.74,70.419,4,4
307.63,69.81,4,4
307.51,69.206,4,4
307.39,68.603,4,4
307.27,68.002,4,4
307.14,67.405,4,4
307.01,66.809,4,4
306.87,66.216,4,4
306.73,65.626,4,4
306.58,65.036,4,4
306.43,64.451,4,4
306.28,63.865,4,4
306.12,63.282,4,4
305.95,62.7,4,4
305.79,62.118,4,4
305.62,61.539,4,4
305.45,60.959,4,4
305.27,60.381,4,4
305.09,59.804,4,4
304.91,59.227,4,4
304.72,58.652,4,4
304.53,58.078,4,4
304.33,57.506,4,4
304.13,56.935,4,4
303.93,56.365,4,4
303.72,55.8,4,4
303.5,55.234,4,4
303.28,54.673,4,4
303.06,54.114,4,4
302.83,53.556,4,4
302.59,53.004,4,4
302.36,52.452,4,4
302.11,51.904,4,4
301.86,51.359,4,4
301.61,50.815,4,4
301.35,50.276,4,4
301.09,49.737,4,4
300.82,49.202,4,4
300.54,48.669,4,4
300.27,48.137,4,4
299.98,47.609,4,4
299.7,47.082,4,4
299.4,46.558,4,4
299.11,46.036,4,4
298.81,45.515,4,4
298.5,44.999,4,4
298.19,44.483,4,4
297.87,43.971,4,4
297.55,43.461,4,4
297.22,42.953,4,4
296.89,42.45,4,4
296.55,41.947,4,4
296.21,41.448,4,4
295.86,40.952,4,4
295.52,40.457,4,4
295.16,39.968,4,4
294.8,39.479,4,4
294.44,38.995,4,4
294.07,38.513,4,4
293.7,38.032,4,4
293.32,37.558,4,4
292.94,37.083,4,4
292.56,36.614,4,4
292.17,36.147,4,4
291.78,35.682,4,4
291.39,35.224,4,4
290.99,34.766,4,4
290.58,34.315,4,4
290.17,33.866,4,4
289.76,33.419,4,4
289.34,32.98,4,4
288.92,32.542,4,4
288.49,32.109,4,4
288.06,31.68,4,4
287.62,31.252,4,4
287.18,30.832,4,4
286.73,30.412,4,4
286.28,29.996,4,4
285.83,29.583,4,4
285.37,29.171,4,4
284.91,28.764,4,4
284.44,28.357,4,4
283.97,27.953,4,4
283.5,27.55,4,4
283.02,27.149,4,4
282.54,26.751,4,4
282.06,26.353,4,4
281.57,25.958,4,4
281.07,25.565,4,4
280.58,25.173,4,4
280.08,24.786,4,4
279.57,24.399,4,4
279.06,24.016,4,4
278.55,23.635,4,4
278.03,23.255,4,4
277.51,22.88,4,4
276.98,22.506,4,4
276.45,22.136,4,4
275.91,21.768,4,4
275.38,21.401,4,4
274.84,21.039,4,4
274.29,20.677,4,4
273.74,20.32,4,4
273.19,19.965,4,4
272.64,19.61,4,4
272.08,19.261,4,4
271.52,18.912,4,4
270.95,18.567,4,4
270.38,18.224,4,4
269.81,17.882,4,4
269.23,17.545,4,4
268.66,17.207,4,4
268.07,16.872,4,4
267.49,16.538,4,4
266.9,16.205,4,4
266.31,15.874,4,4
265.72,15.543,4,4
265.13,15.213,4,4
264.53,14.884,4,4
263.93,14.555,4,4
263.33,14.227,4,4
262.73,13.898,4,4
262.13,13.571,4,4
261.52,13.243,4,4
260.91,12.916,4,4
260.3,12.588,4,4
259.69,12.261,4,4
259.08,11.933,4,4
258.46,11.605,4,4
257.85,11.276,4,4
257.23,10.946,4,4
256.61,10.616,4,4
255.99,10.283,4,4
255.36,9.9492,4,4
254.74,9.6146,4,4
254.12,9.276,4,4
253.49,8.9374,4,4
252.87,8.5948,4,4
252.24,8.2502,4,4
251.62,7.9045,4,4
251,7.5531,4,4
250.37,7.2017,4,4
249.75,6.8453,4,4
249.12,6.4862,4,4
248.5,6.1259,4,4
247.88,5.7586,4,4
247.25,5.3912,4,4
246.63,5.018,4,4
246.01,4.6416,4,4
245.39,4.2638,4,4
244.78,3.8779,4,4
244.16,3.4919,4,4
243.55,3.0991,4,4
242.93,2.7027,4,4
242.32,2.3046,4,4
241.72,1.8974,4,4
241.11,1.4901,4,4
240.5,1.0755,4,4
239.9,0.65681,4,4
239.3,0.23647,4,4
238.71,-0.1935,4,4
238.11,-0.62346,4,4
237.52,-1.0607,4,4
236.93,-1.5017,4,4
236.34,-1.9444,4,4
235.76,-2.3963,4,4
235.18,-2.8481,4,4
234.6,-3.3066,4,4
234.02,-3.7687,4,4
233.45,-4.2323,4,4
232.88,-4.7046,4,4
232.31,-5.1769,4,4
231.75,-5.656,4,4
231.19,-6.1387,4,4
230.63,-6.6231,4,4
230.07,-7.1166,4,4
229.52,-7.6101,4,4
228.98,-8.111,4,4
228.43,-8.6159,4,4
227.89,-9.1224,4,4
227.36,-9.6385,4,4
226.83,-10.155,4,4
226.31,-10.678,4,4
225.79,-11.204,4,4
225.27,-11.733,4,4
224.76,-12.269,4,4
224.25,-12.806,4,4
223.75,-13.348,4,4
223.26,-13.893,4,4
222.76,-14.44,4,4
222.28,-14.993,4,4
221.8,-15.546,4,4
221.32,-16.105,4,4
220.85,-16.665,4,4
220.38,-17.227,4,4
219.92,-17.796,4,4
219.46,-18.364,4,4
219.01,-18.937,4,4
218.57,-19.514,4,4
218.12,-20.091,4,4
217.69,-20.675,4,4
217.26,-21.26,4,4
216.83,-21.849,4,4
216.41,-22.441,4,4
216,-23.034,4,4
215.59,-23.634,4,4
215.19,-24.233,4,4
214.79,-24.837,4,4
214.4,-25.443,4,4
214.01,-26.051,4,4
213.63,-26.664,4,4
213.25,-27.278,4,4
212.88,-27.895,4,4
212.51,-28.516,4,4
212.15,-29.137,4,4
211.8,-29.765,4,4
211.45,-30.393,4,4
211.11,-31.026,4,4
210.77,-31.662,4,4
210.43,-32.299,4,4
210.11,-32.942,4,4
209.78,-33.586,4,4
209.46,-34.234,4,4
209.15,-34.885,4,4
208.84,-35.537,4,4
208.53,-36.194,4,4
208.23,-36.852,4,4
207.94,-37.514,4,4
207.64,-38.178,4,4
207.35,-38.843,4,4
207.07,-39.515,4,4
206.79,-40.186,4,4
206.52,-40.862,4,4
206.25,-41.541,4,4
205.99,-42.221,4,4
205.73,-42.908,4,4
205.47,-43.595,4,4
205.22,-44.287,4,4
204.97,-44.983,4,4
204.73,-45.679,4,4
204.49,-46.381,4,4
204.25,-47.084,4,4
204.02,-47.79,4,4
203.78,-48.499,4,4
203.55,-49.208,4,4
203.33,-49.923,4,4
203.1,-50.637,4,4
202.88,-51.355,4,4
202.66,-52.075,4,4
202.44,-52.796,4,4
202.23,-53.523,4,4
202.02,-54.249,4,4
201.82,-54.98,4,4
201.62,-55.713,4,4
201.42,-56.448,4,4
201.23,-57.189,4,4
201.04,-57.93,4,4
200.86,-58.676,4,4
200.68,-59.425,4,4
200.5,-60.175,4,4
200.33,-60.932,4,4
200.17,-61.688,4,4
200,-62.449,4,4
199.84,-63.213,4,4
199.68,-63.978,4,4
199.53,-64.749,4,4
199.37,-65.519,4,4
199.23,-66.294,4,4
199.08,-67.071,4,4
198.94,-67.849,4,4
198.8,-68.632,4,4
198.67,-69.415,4,4
198.54,-70.202,4,4
198.41,-70.991,4,4
198.29,-71.781,4,4
198.17,-72.576,4,4
198.05,-73.37,4,4
197.94,-74.168,4,4
197.83,-74.968,4,4
197.72,-75.769,4,4
197.61,-76.574,4,4
197.51,-77.379,4,4
197.41,-78.188,4,4
197.32,-78.998,4,4
197.22,-79.809,4,4
197.14,-80.625,4,4
197.05,-81.44,4,4
196.96,-82.259,4,4
196.88,-83.08,4,4
196.8,-83.902,4,4
196.73,-84.728,4,4
196.65,-85.554,4,4
196.58,-86.383,4,4
196.52,-87.215,4,4
196.45,-88.048,4,4
196.39,-88.885,4,4
196.33,-89.723,4,4
196.28,-90.563,4,4
196.23,-91.406,4,4
196.18,-92.249,4,4
196.14,-93.096,4,4
196.09,-93.943,4,4
196.06,-94.793,4,4
196.02,-95.643,4,4
195.99,-96.494,4,4
195.96,-97.348,4,4
195.93,-98.202,4,4
195.9,-99.058,4,4
195.88,-99.915,4,4
195.86,-100.77,4,4
195.84,-101.63,4,4
195.82,-102.5,4,4
195.81,-103.36,4,4
195.8,-104.23,4,4
195.78,-105.1,4,4
195.78,-105.97,4,4
195.77,-106.85,4,4
195.76,-107.73,4,4
195.75,-108.61,4,4
195.75,-109.5,4,4
195.74,-110.39,4,4
195.74,-111.28,4,4
195.74,-112.17,4,4
195.73,-113.07,4,4
195.73,-113.96,4,4
195.73,-114.86,4,4
195.73,-115.76,4,4
195.73,-116.66,4,4
195.73,-117.56,4,4
195.74,-118.46,4,4
195.74,-119.36,4,4
195.75,-120.26,4,4
195.76,-121.17,4,4
195.77,-122.07,4,4
195.78,-122.97,4,4
195.8,-123.88,4,4
195.81,-124.79,4,4
195.82,-125.7,4,4
195.84,-126.61,4,4
195.85,-127.52,4,4
195.86,-128.44,4,4
195.87,-129.35,4,4
195.89,-130.27,4,4
195.9,-131.2,4,4
195.91,-132.12,4,4
195.92,-133.05,4,4
195.93,-133.97,4,4
195.94,-134.9,4,4
195.95,-135.84,4,4
195.96,-136.77,4,4
195.97,-137.7,4,4
195.98,-138.64,4,4
195.99,-139.57,4,4
196,-140.51,4,4
196.02,-141.45,4,4
196.03,-142.39,4,4
196.04,-143.33,4,4
196.06,-144.27,4,4
196.07,-145.2,4,4
196.08,-146.14,4,4
196.1,-147.07,4,4
196.11,-148,4,4
196.12,-148.93,4,4
196.13,-149.85,4,4
196.14,-150.77,4,4
196.15,-151.67,4,4
196.16,-152.58,4,4
196.17,-153.48,4,4
196.18,-154.37,4,4
196.19,-155.26,4,4
196.19,-156.13,4,4
196.2,-157.01,4,4
196.21,-157.87,4,4
196.21,-158.73,4,4
196.22,-159.59,4,4
196.23,-160.43,4,4
196.24,-161.27,4,4
196.25,-162.11,4,4
196.26,-162.93,4,4
196.27,-163.75,4,4
196.28,-164.56,4,4
196.29,-165.37,4,4
196.3,-166.17,4,4
196.31,-166.96,4,4
196.32,-167.75,4,4
196.34,-168.53,4,4
196.35,-169.3,4,4
196.36,-170.07,4,4
196.37,-170.82,4,4
196.38,-171.58,4,4
196.4,-172.32,4,4
196.41,-173.07,4,4
196.42,-173.8,4,4
196.43,-174.53,4,4
196.45,-175.26,4,4
196.46,-175.97,4,4
196.47,-176.68,4,4
196.49,-177.39,4,4
196.51,-178.08,4,4
196.53,-178.78,4,4
196.55,-179.46,4,4
196.57,-180.15,4,4
196.59,-180.82,4,4
196.62,-181.49,4,4
196.64,-182.16,4,4
196.67,-182.81,4,4
196.7,-183.46,4,4
196.73,-184.11,4,4
196.76,-184.75,4,4
196.79,-185.38,4,4
196.83,-186.01,4,4
196.86,-186.63,4,4
196.9,-187.24,4,4
196.93,-187.85,4,4
196.97,-188.46,4,4
197.01,-189.05,4,4
197.05,-189.65,4,4
197.09,-190.23,4,4
197.13,-190.81,4,4
197.17,-191.38,4,4
197.22,-191.95,4,4
197.26,-192.51,4,4
197.31,-193.07,4,4
197.36,-193.62,4,4
197.41,-194.17,4,4
197.47,-194.71,4,4
197.53,-195.24,4,4
197.59,-195.77,4,4
197.65,-196.3,4,4
197.71,-196.82,4,4
197.78,-197.34,4,4
197.85,-197.85,4,4
197.93,-198.36,4,4
198,-198.87,4,4
198.08,-199.37,4,4
198.16,-199.87,4,4
198.25,-200.36,4,4
198.34,-200.86,4,4
198.43,-201.34,4,4
198.53,-201.83,4,4
198.63,-202.32,4,4
198.73,-202.8,4,4
198.84,-203.28,4,4
198.96,-203.75,4,4
199.07,-204.23,4,4
199.2,-204.7,4,4
199.33,-205.17,4,4
199.46,-205.64,4,4
199.6,-206.1,4,4
199.74,-206.57,4,4
199.9,-207.03,4,4
200.05,-207.49,4,4
200.21,-207.94,4,4
200.37,-208.4,4,4
200.54,-208.85,4,4
200.71,-209.3,4,4
200.88,-209.74,4,4
201.06,-210.18,4,4
201.25,-210.62,4,4
201.43,-211.06,4,4
201.63,-211.49,4,4
201.82,-211.92,4,4
202.02,-212.35,4,4
202.22,-212.77,4,4
202.43,-213.19,4,4
202.64,-213.6,4,4
202.86,-214.02,4,4
203.08,-214.43,4,4
203.3,-214.83,4,4
203.53,-215.24,4,4
203.77,-215.63,4,4
204,-216.03,4,4
204.25,-216.42,4,4
204.49,-216.81,4,4
204.74,-217.2,4,4
205,-217.59,4,4
205.26,-217.97,4,4
205.53,-218.35,4,4
205.8,-218.72,4,4
206.07,-219.09,4,4
206.35,-219.46,4,4
206.63,-219.83,4,4
206.92,-220.18,4,4
207.22,-220.54,4,4
207.51,-220.9,4,4
207.82,-221.24,4,4
208.13,-221.59,4,4
208.45,-221.93,4,4
208.77,-222.27,4,4
209.09,-222.61,4,4
209.42,-222.94,4,4
209.75,-223.27,4,4
210.09,-223.59,4,4
210.43,-223.92,4,4
210.78,-224.24,4,4
211.13,-224.56,4,4
211.48,-224.87,4,4
211.83,-225.19,4,4
212.19,-225.5,4,4
212.54,-225.8,4,4
212.91,-226.11,4,4
213.27,-226.41,4,4
213.64,-226.71,4,4
214.01,-227,4,4
214.38,-227.29,4,4
214.76,-227.57,4,4
215.14,-227.86,4,4
215.52,-228.13,4,4
215.91,-228.41,4,4
216.3,-228.68,4,4
216.7,-228.94,4,4
217.1,-229.21,4,4
217.51,-229.46,4,4
217.92,-229.72,4,4
218.33,-229.97,4,4
218.75,-230.21,4,4
219.17,-230.46,4,4
219.6,-230.7,4,4
220.03,-230.93,4,4
220.46,-231.16,4,4
220.9,-231.39,4,4
221.35,-231.62,4,4
221.8,-231.84,4,4
222.25,-232.06,4,4
222.7,-232.27,4,4
223.17,-232.48,4,4
223.63,-232.69,4,4
224.1,-232.89,4,4
224.57,-233.09,4,4
225.05,-233.29,4,4
225.53,-233.49,4,4
226.01,-233.68,4,4
226.5,-233.87,4,4
226.99,-234.06,4,4
227.48,-234.24,4,4
227.97,-234.42,4,4
228.47,-234.6,4,4
228.97,-234.78,4,4
229.48,-234.95,4,4
229.99,-235.12,4,4
230.5,-235.28,4,4
231.01,-235.45,4,4
231.53,-235.6,4,4
232.05,-235.76,4,4
232.58,-235.91,4,4
233.11,-236.06,4,4
233.64,-236.2,4,4
234.18,-236.34,4,4
234.72,-236.48,4,4
235.26,-236.62,4,4
235.8,-236.75,4,4
236.35,-236.88,4,4
236.9,-237.01,4,4
237.46,-237.13,4,4
238.01,-237.25,4,4
238.57,-237.37,4,4
239.13,-237.49,4,4
239.69,-237.6,4,4
240.26,-237.71,4,4
240.83,-237.83,4,4
241.4,-237.93,4,4
241.97,-238.04,4,4
242.55,-238.14,4,4
243.12,-238.23,4,4
243.7,-238.33,4,4
244.29,-238.42,4,4
244.87,-238.51,4,4
245.46,-238.59,4,4
246.06,-238.67,4,4
246.65,-238.75,4,4
247.25,-238.81,4,4
247.85,-238.88,4,4
248.46,-238.94,4,4
249.06,-239,4,4
249.67,-239.05,4,4
250.29,-239.1,4,4
250.9,-239.14,4,4
251.52,-239.17,4,4
252.14,-239.2,4,4
252.77,-239.23,4,4
253.4,-239.24,4,4
254.03,-239.26,4,4
254.66,-239.27,4,4
255.3,-239.27,4,4
255.94,-239.27,4,4
256.58,-239.25,4,4
257.22,-239.24,4,4
257.87,-239.22,4,4
258.52,-239.2,4,4
259.17,-239.18,4,4
259.82,-239.14,4,4
260.48,-239.11,4,4
261.14,-239.07,4,4
261.79,-239.03,4,4
262.45,-238.99,4,4
263.11,-238.94,4,4
263.78,-238.89,4,4
264.44,-238.84,4,4
265.11,-238.78,4,4
265.77,-238.72,4,4
266.45,-238.65,4,4
267.12,-238.59,4,4
267.79,-238.51,4,4
268.47,-238.44,4,4
269.14,-238.36,4,4
269.83,-238.28,4,4
270.51,-238.19,4,4
271.2,-238.1,4,4
271.89,-238.01,4,4
272.58,-237.92,4,4
273.27,-237.82,4,4
273.97,-237.72,4,4
274.67,-237.61,4,4
275.37,-237.51,4,4
276.07,-237.4,4,4
276.78,-237.29,4,4
277.49,-237.18,4,4
278.2,-237.07,4,4
278.91,-236.96,4,4
279.63,-236.85,4,4
280.35,-236.73,4,4
281.06,-236.62,4,4
281.79,-236.5,4,4
282.51,-236.38,4,4
283.24,-236.26,4,4
283.97,-236.15,4,4
284.7,-236.03,4,4
285.44,-235.91,4,4
286.17,-235.79,4,4
286.91,-235.67,4,4
287.66,-235.54,4,4
288.4,-235.42,4,4
289.14,-235.3,4,4
289.89,-235.18,4,4
290.64,-235.06,4,4
291.39,-234.93,4,4
292.15,-234.81,4,4
292.9,-234.69,4,4
293.66,-234.57,4,4
294.42,-234.44,4,4
295.18,-234.32,4,4
295.94,-234.2,4,4
296.71,-234.08,4,4
297.48,-233.95,4,4
298.25,-233.83,4,4
299.02,-233.71,4,4
299.79,-233.59,4,4
300.57,-233.47,4,4
301.35,-233.35,4,4
302.13,-233.24,4,4
302.92,-233.12,4,4
303.7,-233,4,4
304.49,-232.89,4,4
305.28,-232.77,4,4
306.07,-232.66,4,4
306.87,-232.55,4,4
307.66,-232.43,4,4
308.46,-232.32,4,4
309.26,-232.21,4,4
310.06,-232.1,4,4
310.86,-231.99,4,4
311.67,-231.88,4,4
312.47,-231.77,4,4
313.28,-231.66,4,4
314.09,-231.55,4,4
314.9,-231.45,4,4
315.7,-231.34,4,4
316.51,-231.23,4,4
317.32,-231.13,4,4
318.12,-231.02,4,4
318.93,-230.92,4,4
319.73,-230.82,4,4
320.53,-230.72,4,4
321.32,-230.62,4,4
322.11,-230.52,4,4
322.9,-230.43,4,4
323.68,-230.33,4,4
324.46,-230.24,4,4
325.23,-230.16,4,4
326,-230.07,4,4
326.76,-229.98,4,4
327.52,-229.9,4,4
328.27,-229.82,4,4
329.02,-229.74,4,4
329.76,-229.66,4,4
330.5,-229.59,4,4
331.23,-229.51,4,4
331.96,-229.43,4,4
332.68,-229.36,4,4
333.4,-229.29,4,4
334.1,-229.21,4,4
334.81,-229.14,4,4
335.51,-229.07,4,4
336.21,-229,4,4
336.9,-228.93,4,4
337.58,-228.86,4,4
338.26,-228.79,4,4
338.93,-228.72,4,4
339.6,-228.65,4,4
340.26,-228.59,4,4
340.92,-228.53,4,4
341.57,-228.46,4,4
342.22,-228.4,4,4
342.86,-228.34,4,4
343.5,-228.28,4,4
344.13,-228.23,4,4
344.77,-228.17,4,4
345.39,-228.12,4,4
346.01,-228.07,4,4
346.63,-228.02,4,4
347.24,-227.98,4,4
347.85,-227.94,4,4
348.46,-227.9,4,4
349.06,-227.86,4,4
349.66,-227.83,4,4
350.25,-227.8,4,4
350.84,-227.77,4,4
351.42,-227.75,4,4
352,-227.72,4,4
352.58,-227.7,4,4
353.15,-227.69,4,4
353.73,-227.68,4,4
354.29,-227.67,4,4
354.86,-227.66,4,4
355.42,-227.65,4,4
355.98,-227.65,4,4
356.53,-227.65,4,4
357.09,-227.66,4,4
357.64,-227.66,4,4
358.19,-227.67,4,4
358.74,-227.68,4,4
359.29,-227.69,4,4
359.83,-227.71,4,4
360.38,-227.72,4,4
360.92,-227.74,4,4
361.46,-227.77,4,4
362,-227.79,4,4
362.54,-227.83,4,4
363.08,-227.86,4,4
363.61,-227.9,4,4
364.15,-227.94,4,4
364.68,-227.98,4,4
365.21,-228.03,4,4
365.74,-228.09,4,4
366.28,-228.14,4,4
366.81,-228.21,4,4
367.33,-228.27,4,4
367.86,-228.34,4,4
368.39,-228.42,4,4
368.92,-228.49,4,4
369.44,-228.58,4,4
369.97,-228.66,4,4
370.49,-228.75,4,4
371.01,-228.85,4,4
371.53,-228.94,4,4
372.05,-229.05,4,4
372.56,-229.15,4,4
373.07,-229.27,4,4
373.58,-229.38,4,4
374.09,-229.5,4,4
374.6,-229.63,4,4
375.1,-229.76,4,4
375.6,-229.89,4,4
376.1,-230.04,4,4
376.59,-230.18,4,4
377.08,-230.33,4,4
377.58,-230.48,4,4
378.06,-230.64,4,4
378.55,-230.81,4,4
379.04,-230.97,4,4
379.52,-231.15,4,4
380.01,-231.32,4,4
380.49,-231.5,4,4
380.97,-231.68,4,4
381.45,-231.87,4,4
381.93,-232.06,4,4
382.41,-232.26,4,4
382.88,-232.46,4,4
383.35,-232.66,4,4
383.83,-232.86,4,4
384.29,-233.07,4,4
384.76,-233.29,4,4
385.22,-233.5,4,4
385.69,-233.73,4,4
386.15,-233.95,4,4
386.6,-234.18,4,4
387.05,-234.41,4,4
387.5,-234.65,4,4
387.95,-234.89,4,4
388.39,-235.13,4,4
388.82,-235.38,4,4
389.26,-235.64,4,4
389.69,-235.9,4,4
390.11,-236.16,4,4
390.53,-236.43,4,4
390.94,-236.71,4,4
391.35,-236.99,4,4
391.75,-237.28,4,4
392.15,-237.58,4,4
392.55,-237.87,4,4
392.93,-238.18,4,4
393.32,-238.49,4,4
393.7,-238.8,4,4
394.07,-239.11,4,4
394.44,-239.43,4,4
394.8,-239.76,4,4
395.17,-240.08,4,4
395.52,-240.41,4,4
395.87,-240.75,4,4
396.22,-241.08,4,4
396.55,-241.43,4,4
396.89,-241.77,4,4
397.22,-242.12,4,4
397.54,-242.47,4,4
397.86,-242.83,4,4
398.17,-243.2,4,4
398.48,-243.56,4,4
398.78,-243.93,4,4
399.08,-244.31,4,4
399.38,-244.69,4,4
399.66,-245.07,4,4
399.95,-245.45,4,4
400.23,-245.84,4,4
400.5,-246.23,4,4
400.77,-246.62,4,4
401.03,-247.02,4,4
401.3,-247.41,4,4
401.55,-247.81,4,4
401.8,-248.21,4,4
402.05,-248.61,4,4
402.28,-249.01,4,4
402.52,-249.42,4,4
402.75,-249.83,4,4
402.97,-250.24,4,4
403.19,-250.65,4,4
403.39,-251.07,4,4
403.6,-251.5,4,4
403.8,-251.92,4,4
404,-252.35,4,4
404.19,-252.78,4,4
404.37,-253.21,4,4
404.55,-253.65,4,4
404.73,-254.09,4,4
404.9,-254.53,4,4
405.08,-254.97,4,4
405.24,-255.42,4,4
405.41,-255.87,4,4
405.57,-256.31,4,4
405.73,-256.77,4,4
405.88,-257.22,4,4
406.03,-257.68,4,4
406.18,-258.13,4,4
406.33,-258.59,4,4
406.47,-259.05,4,4
406.61,-259.52,4,4
406.74,-259.98,4,4
406.87,-260.45,4,4
407,-260.92,4,4
407.12,-261.39,4,4
407.23,-261.87,4,4
407.34,-262.34,4,4
407.45,-262.82,4,4
407.55,-263.3,4,4
407.64,-263.79,4,4
407.73,-264.27,4,4
407.81,-264.76,4,4
407.89,-265.25,4,4
407.96,-265.74,4,4
408.03,-266.24,4,4
408.1,-266.73,4,4
408.16,-267.23,4,4
408.22,-267.73,4,4
408.27,-268.23,4,4
408.32,-268.74,4,4
408.37,-269.24,4,4
408.41,-269.75,4,4
408.46,-270.26,4,4
408.5,-270.77,4,4
408.53,-271.29,4,4
408.57,-271.8,4,4
408.6,-272.32,4,4
408.63,-272.84,4,4
408.65,-273.36,4,4
408.67,-273.89,4,4
408.69,-274.42,4,4
408.7,-274.95,4,4
408.71,-275.48,4,4
408.72,-276.01,4,4
408.72,-276.55,4,4
408.72,-277.09,4,4
408.71,-277.63,4,4
408.7,-278.17,4,4
408.69,-278.72,4,4
408.67,-279.27,4,4
408.65,-279.81,4,4
408.63,-280.37,4,4
408.6,-280.92,4,4
408.57,-281.48,4,4
408.54,-282.03,4,4
408.5,-282.59,4,4
408.46,-283.16,4,4
408.42,-283.72,4,4
408.38,-284.28,4,4
408.33,-284.85,4,4
408.29,-285.42,4,4
408.24,-285.99,4,4
408.18,-286.57,4,4
408.13,-287.14,4,4
408.07,-287.72,4,4
408.02,-288.3,4,4
407.96,-288.88,4,4
407.9,-289.47,4,4
407.84,-290.05,4,4
407.77,-290.64,4,4
407.71,-291.23,4,4
407.65,-291.83,4,4
407.58,-292.42,4,4
407.52,-293.02,4,4
407.45,-293.62,4,4
407.38,-294.22,4,4
407.32,-294.83,4,4
407.25,-295.44,4,4
407.18,-296.05,4,4
407.11,-296.66,4,4
407.04,-297.27,4,4
406.97,-297.89,4,4
406.9,-298.51,4,4
406.83,-299.13,4,4
406.76,-299.76,4,4
406.68,-300.39,4,4
406.61,-301.02,4,4
406.54,-301.65,4,4
406.47,-302.28,4,4
406.39,-302.92,4,4
406.32,-303.56,4,4
406.25,-304.2,4,4
406.17,-304.84,4,4
406.1,-305.49,4,4
406.02,-306.14,4,4
405.94,-306.79,4,4
405.87,-307.44,4,4
405.79,-308.1,4,4
405.71,-308.76,4,4
405.63,-309.42,4,4
405.55,-310.08,4,4
405.47,-310.74,4,4
405.39,-311.41,4,4
405.3,-312.08,4,4
405.22,-312.75,4,4
405.14,-313.42,4,4
405.05,-314.1,4,4
404.96,-314.78,4,4
404.88,-315.46,4,4
404.79,-316.14,4,4
404.7,-316.83,4,4
404.61,-317.52,4,4
404.52,-318.21,4,4
404.42,-318.9,4,4
404.33,-319.6,4,4
404.23,-320.29,4,4
404.14,-320.99,4,4
404.04,-321.7,4,4
403.94,-322.4,4,4
403.84,-323.11,4,4
403.74,-323.81,4,4
403.63,-324.53,4,4
403.53,-325.24,4,4
403.42,-325.95,4,4
403.31,-326.66,4,4
403.21,-327.38,4,4
403.09,-328.09,4,4
402.98,-328.81,4,4
402.86,-329.53,4,4
402.75,-330.24,4,4
402.63,-330.96,4,4
402.5,-331.67,4,4
402.38,-332.39,4,4
402.24,-333.1,4,4
402.11,-333.81,4,4
401.98,-334.52,4,4
401.84,-335.22,4,4
401.69,-335.93,4,4
401.55,-336.63,4,4
401.39,-337.34,4,4
401.24,-338.04,4,4
401.08,-338.73,4,4
400.92,-339.43,4,4
400.75,-340.12,4,4
400.58,-340.81,4,4
400.41,-341.5,4,4
400.22,-342.19,4,4
400.04,-342.87,4,4
399.85,-343.55,4,4
399.66,-344.24,4,4
399.47,-344.92,4,4
399.27,-345.59,4,4
399.06,-346.27,4,4
398.85,-346.94,4,4
398.64,-347.61,4,4
398.43,-348.28,4,4
398.2,-348.94,4,4
397.98,-349.61,4,4
397.74,-350.27,4,4
397.51,-350.93,4,4
397.27,-351.59,4,4
397.02,-352.24,4,4
396.78,-352.89,4,4
396.52,-353.54,4,4
396.27,-354.19,4,4
396.01,-354.83,4,4
395.74,-355.47,4,4
395.48,-356.11,4,4
395.2,-356.75,4,4
394.93,-357.38,4,4
394.65,-358.02,4,4
394.37,-358.64,4,4
394.08,-359.27,4,4
393.79,-359.89,4,4
393.49,-360.51,4,4
393.19,-361.13,4,4
392.89,-361.74,4,4
392.58,-362.35,4,4
392.26,-362.95,4,4
391.94,-363.55,4,4
391.62,-364.15,4,4
391.29,-364.74,4,4
390.96,-365.33,4,4
390.62,-365.91,4,4
390.27,-366.49,4,4
389.92,-367.07,4,4
389.57,-367.64,4,4
389.21,-368.2,4,4
388.84,-368.76,4,4
388.48,-369.32,4,4
388.11,-369.88,4,4
387.73,-370.43,4,4
387.35,-370.97,4,4
386.96,-371.52,4,4
386.57,-372.05,4,4
386.18,-372.59,4,4
385.79,-373.12,4,4
385.39,-373.65,4,4
384.98,-374.17,4,4
384.58,-374.68,4,4
384.17,-375.2,4,4
383.75,-375.7,4,4
383.33,-376.21,4,4
382.91,-376.71,4,4
382.48,-377.2,4,4
382.05,-377.69,4,4
381.61,-378.16,4,4
381.17,-378.64,4,4
380.72,-379.11,4,4
380.27,-379.57,4,4
379.82,-380.03,4,4
379.36,-380.48,4,4
378.9,-380.93,4,4
378.43,-381.37,4,4
377.97,-381.8,4,4
377.49,-382.24,4,4
377.02,-382.66,4,4
376.54,-383.09,4,4
376.06,-383.5,4,4
375.57,-383.92,4,4
375.09,-384.33,4,4
374.6,-384.73,4,4
374.11,-385.13,4,4
373.61,-385.53,4,4
373.11,-385.91,4,4
372.61,-386.3,4,4
372.11,-386.68,4,4
371.6,-387.05,4,4
371.09,-387.42,4,4
370.58,-387.78,4,4
370.06,-388.14,4,4
369.54,-388.48,4,4
369.02,-388.83,4,4
368.49,-389.16,4,4
367.96,-389.49,4,4
367.43,-389.82,4,4
366.9,-390.13,4,4
366.36,-390.45,4,4
365.82,-390.75,4,4
365.28,-391.05,4,4
364.74,-391.34,4,4
364.2,-391.62,4,4
363.65,-391.91,4,4
363.1,-392.18,4,4
362.55,-392.45,4,4
362,-392.72,4,4
361.45,-392.97,4,4
360.89,-393.23,4,4
360.34,-393.48,4,4
359.78,-393.72,4,4
359.22,-393.96,4,4
358.66,-394.2,4,4
358.1,-394.43,4,4
357.53,-394.66,4,4
356.96,-394.88,4,4
356.4,-395.1,4,4
355.82,-395.31,4,4
355.25,-395.53,4,4
354.67,-395.73,4,4
354.09,-395.93,4,4
353.51,-396.13,4,4
352.92,-396.31,4,4
352.33,-396.5,4,4
351.74,-396.67,4,4
351.14,-396.85,4,4
350.55,-397.01,4,4
349.94,-397.17,4,4
349.33,-397.33,4,4
348.72,-397.48,4,4
348.11,-397.62,4,4
347.5,-397.77,4,4
346.88,-397.9,4,4
346.26,-398.03,4,4
345.63,-398.15,4,4
345,-398.27,4,4
344.37,-398.39,4,4
343.74,-398.5,4,4
343.1,-398.61,4,4
342.46,-398.71,4,4
341.82,-398.81,4,4
341.18,-398.91,4,4
340.53,-399,4,4
339.88,-399.09,4,4
339.22,-399.17,4,4
338.57,-399.25,4,4
337.91,-399.33,4,4
337.24,-399.4,4,4
336.58,-399.47,4,4
335.91,-399.53,4,4
335.24,-399.59,4,4
334.57,-399.65,4,4
333.89,-399.7,4,4
333.22,-399.75,4,4
332.54,-399.79,4,4
331.85,-399.83,4,4
331.17,-399.87,4,4
330.48,-399.9,4,4
329.79,-399.93,4,4
329.1,-399.95,4,4
328.41,-399.97,4,4
327.71,-400,4,4
327.01,-400.01,4,4
326.31,-400.03,4,4
325.61,-400.05,4,4
324.9,-400.06,4,4
324.2,-400.08,4,4
323.49,-400.09,4,4
322.78,-400.1,4,4
322.06,-400.12,4,4
321.35,-400.13,4,4
320.63,-400.15,4,4
319.91,-400.16,4,4
319.18,-400.18,4,4
318.46,-400.19,4,4
317.73,-400.21,4,4
317,-400.22,4,4
316.27,-400.24,4,4
315.53,-400.26,4,4
314.79,-400.27,4,4
314.05,-400.29,4,4
313.31,-400.3,4,4
312.57,-400.32,4,4
311.83,-400.34,4,4
311.08,-400.35,4,4
310.33,-400.36,4,4
309.58,-400.38,4,4
308.82,-400.39,4,4
308.07,-400.4,4,4
307.31,-400.41,4,4
306.55,-400.42,4,4
305.79,-400.42,4,4
305.02,-400.42,4,4
304.26,-400.43,4,4
303.49,-400.43,4,4
302.72,-400.43,4,4
301.95,-400.43,4,4
301.18,-400.42,4,4
300.41,-400.42,4,4
299.63,-400.41,4,4
298.85,-400.41,4,4
298.07,-400.4,4,4
297.29,-400.39,4,4
296.51,-400.38,4,4
295.72,-400.37,4,4
294.93,-400.36,4,4
294.14,-400.35,4,4
293.35,-400.34,4,4
292.56,-400.33,4,4
291.77,-400.32,4,4
290.97,-400.31,4,4
290.18,-400.3,4,4
289.38,-400.29,4,4
288.58,-400.28,4,4
287.78,-400.27,4,4
286.98,-400.26,4,4
286.18,-400.25,4,4
285.37,-400.25,4,4
284.57,-400.24,4,4
283.77,-400.24,4,4
282.96,-400.23,4,4
282.16,-400.23,4,4
281.35,-400.22,4,4
280.54,-400.22,4,4
279.73,-400.22,4,4
278.92,-400.21,4,4
278.1,-400.2,4,4
277.29,-400.2,4,4
276.47,-400.19,4,4
275.65,-400.19,4,4
274.83,-400.18,4,4
274.01,-400.17,4,4
273.18,-400.16,4,4
272.36,-400.16,4,4
271.53,-400.15,4,4
270.7,-400.14,4,4
269.87,-400.14,4,4
269.03,-400.13,4,4
268.2,-400.13,4,4
267.36,-400.12,4,4
266.53,-400.12,4,4
265.69,-400.12,4,4
264.84,-400.12,4,4
264,-400.12,4,4
263.16,-400.12,4,4
262.31,-400.13,4,4
261.46,-400.13,4,4
260.61,-400.13,4,4
259.76,-400.14,4,4
258.9,-400.14,4,4
258.05,-400.15,4,4
257.19,-400.15,4,4
256.33,-400.16,4,4
255.46,-400.16,4,4
254.6,-400.16,4,4
253.73,-400.17,4,4
252.86,-400.17,4,4
251.99,-400.17,4,4
251.12,-400.16,4,4
250.25,-400.16,4,4
249.37,-400.15,4,4
248.5,-400.15,4,4
247.62,-400.14,4,4
246.74,-400.13,4,4
245.86,-400.12,4,4
244.98,-400.1,4,4
244.1,-400.09,4,4
243.21,-400.07,4,4
242.32,-400.06,4,4
241.43,-400.04,4,4
240.54,-400.03,4,4
239.65,-400.01,4,4
238.76,-400,4,4
237.86,-399.98,4,4
236.96,-399.97,4,4
236.06,-399.95,4,4
235.16,-399.93,4,4
234.26,-399.92,4,4
233.36,-399.9,4,4
232.45,-399.88,4,4
231.54,-399.86,4,4
230.64,-399.84,4,4
229.72,-399.81,4,4
228.81,-399.79,4,4
227.9,-399.77,4,4
226.98,-399.74,4,4
226.06,-399.71,4,4
225.14,-399.68,4,4
224.22,-399.66,4,4
223.3,-399.63,4,4
222.37,-399.6,4,4
221.45,-399.56,4,4
220.52,-399.53,4,4
219.59,-399.5,4,4
218.65,-399.47,4,4
217.72,-399.43,4,4
216.79,-399.4,4,4
215.85,-399.37,4,4
214.91,-399.33,4,4
213.97,-399.3,4,4
213.03,-399.27,4,4
212.09,-399.23,4,4
211.15,-399.2,4,4
210.2,-399.17,4,4
209.25,-399.14,4,4
208.3,-399.1,4,4
207.36,-399.07,4,4
206.4,-399.04,4,4
205.45,-399,4,4
204.5,-398.97,4,4
203.54,-398.94,4,4
202.59,-398.9,4,4
201.63,-398.87,4,4
200.67,-398.84,4,4
199.71,-398.81,4,4
198.75,-398.77,4,4
197.79,-398.74,4,4
196.83,-398.71,4,4
195.87,-398.67,4,4
194.91,-398.64,4,4
193.94,-398.61,4,4
192.98,-398.58,4,4
192.01,-398.55,4,4
191.05,-398.51,4,4
190.08,-398.48,4,4
189.11,-398.45,4,4
188.14,-398.41,4,4
187.16,-398.38,4,4
186.19,-398.34,4,4
185.21,-398.31,4,4
184.23,-398.27,4,4
183.25,-398.23,4,4
182.26,-398.19,4,4
181.28,-398.15,4,4
180.29,-398.11,4,4
179.3,-398.06,4,4
178.31,-398.02,4,4
177.32,-397.98,4,4
176.33,-397.94,4,4
175.34,-397.89,4,4
174.34,-397.85,4,4
173.35,-397.81,4,4
172.35,-397.76,4,4
171.36,-397.72,4,4
170.36,-397.68,4,4
169.36,-397.64,4,4
168.37,-397.6,4,4
167.37,-397.56,4,4
166.37,-397.51,4,4
165.37,-397.47,4,4
164.36,-397.43,4,4
163.36,-397.39,4,4
162.36,-397.34,4,4
161.35,-397.3,4,4
160.34,-397.25,4,4
159.33,-397.2,4,4
158.33,-397.15,4,4
157.31,-397.1,4,4
156.3,-397.04,4,4
155.29,-396.99,4,4
154.27,-396.93,4,4
153.26,-396.87,4,4
152.24,-396.81,4,4
151.23,-396.74,4,4
150.21,-396.68,4,4
149.19,-396.61,4,4
148.17,-396.54,4,4
147.15,-396.47,4,4
146.13,-396.4,4,4
145.1,-396.32,4,4
144.08,-396.25,4,4
143.05,-396.18,4,4
142.02,-396.1,4,4
140.99,-396.02,4,4
139.96,-395.94,4,4
138.93,-395.87,4,4
137.9,-395.78,4,4
136.87,-395.7,4,4
135.83,-395.62,4,4
134.8,-395.53,4,4
133.76,-395.45,4,4
132.72,-395.36,4,4
131.68,-395.27,4,4
130.64,-395.18,4,4
129.6,-395.09,4,4
128.55,-395,4,4
127.51,-394.9,4,4
126.46,-394.81,4,4
125.41,-394.71,4,4
124.36,-394.61,4,4
123.31,-394.51,4,4
122.26,-394.41,4,4
121.21,-394.31,4,4
120.15,-394.21,4,4
119.1,-394.11,4,4
118.04,-394,4,4
116.99,-393.89,4,4
115.93,-393.78,4,4
114.87,-393.67,4,4
113.81,-393.56,4,4
112.75,-393.45,4,4
111.69,-393.33,4,4
110.62,-393.21,4,4
109.56,-393.09,4,4
108.49,-392.97,4,4
107.43,-392.85,4,4
106.36,-392.72,4,4
105.29,-392.6,4,4
104.22,-392.47,4,4
103.15,-392.34,4,4
102.08,-392.21,4,4
101.01,-392.07,4,4
99.939,-391.93,4,4
98.866,-391.8,4,4
97.791,-391.66,4,4
96.716,-391.51,4,4
95.641,-391.37,4,4
94.563,-391.22,4,4
93.486,-391.08,4,4
92.408,-390.92,4,4
91.328,-390.77,4,4
90.248,-390.62,4,4
89.167,-390.46,4,4
88.085,-390.29,4,4
87.002,-390.13,4,4
85.918,-389.96,4,4
84.834,-389.8,4,4
83.748,-389.62,4,4
82.662,-389.45,4,4
81.575,-389.27,4,4
80.488,-389.09,4,4
79.4,-388.91,4,4
78.31,-388.73,4,4
77.221,-388.54,4,4
76.13,-388.35,4,4
75.039,-388.16,4,4
73.948,-387.97,4,4
72.855,-387.78,4,4
71.762,-387.58,4,4
70.669,-387.38,4,4
69.574,-387.18,4,4
68.479,-386.98,4,4
67.383,-386.77,4,4
66.286,-386.57,4,4
65.188,-386.36,4,4
64.09,-386.15,4,4
62.992,-385.93,4,4
61.892,-385.72,4,4
60.792,-385.5,4,4
59.691,-385.28,4,4
58.589,-385.06,4,4
57.487,-384.84,4,4
56.384,-384.61,4,4
55.28,-384.39,4,4
54.176,-384.16,4,4
53.071,-383.93,4,4
51.965,-383.7,4,4
50.858,-383.46,4,4
49.752,-383.23,4,4
48.644,-382.99,4,4
47.535,-382.75,4,4
46.426,-382.51,4,4
45.316,-382.26,4,4
44.206,-382.02,4,4
43.095,-381.77,4,4
41.984,-381.52,4,4
40.872,-381.26,4,4
39.759,-381.01,4,4
38.647,-380.75,4,4
37.533,-380.49,4,4
36.419,-380.22,4,4
35.305,-379.96,4,4
34.19,-379.69,4,4
33.075,-379.42,4,4
31.959,-379.14,4,4
30.843,-378.87,4,4
29.727,-378.59,4,4
28.611,-378.3,4,4
27.494,-378.02,4,4
26.378,-377.73,4,4
25.262,-377.44,4,4
24.145,-377.15,4,4
23.029,-376.86,4,4
21.913,-376.57,4,4
20.797,-376.27,4,4
19.681,-375.97,4,4
18.565,-375.67,4,4
17.449,-375.36,4,4
16.332,-375.06,4,4
15.216,-374.75,4,4
14.099,-374.44,4,4
12.982,-374.13,4,4
11.865,-373.82,4,4
10.747,-373.5,4,4
9.6294,-373.18,4,4
8.5111,-372.86,4,4
7.3927,-372.54,4,4
6.2736,-372.22,4,4
5.1544,-371.89,4,4
4.0349,-371.56,4,4
2.9151,-371.23,4,4
1.7953,-370.9,4,4
0.67505,-370.57,4,4
-0.44518,-370.23,4,4
-1.5656,-369.89,4,4
-2.686,-369.55,4,4
-3.8065,-369.21,4,4
-4.9273,-368.86,4,4
-6.048,-368.51,4,4
-7.1689,-368.16,4,4
-8.2899,-367.81,4,4
-9.411,-367.45,4,4
-10.533,-367.09,4,4
-11.654,-366.73,4,4
-12.777,-366.37,4,4
-13.899,-366.01,4,4
-15.022,-365.64,4,4
-16.147,-365.28,4,4
-17.271,-364.91,4,4
-18.396,-364.54,4,4
-19.522,-364.17,4,4
-20.648,-363.79,4,4
-21.775,-363.42,4,4
-22.902,-363.04,4,4
-24.029,-362.66,4,4
-25.157,-362.28,4,4
-26.285,-361.89,4,4
-27.412,-361.51,4,4
-28.54,-361.12,4,4
-29.667,-360.72,4,4
-30.794,-360.33,4,4
-31.921,-359.93,4,4
-33.047,-359.53,4,4
-34.174,-359.12,4,4
-35.299,-358.71,4,4
-36.425,-358.3,4,4
-37.551,-357.89,4,4
-38.676,-357.47,4,4
-39.801,-357.05,4,4
-40.927,-356.63,4,4
-42.052,-356.2,4,4
-43.177,-355.78,4,4
-44.303,-355.35,4,4
-45.429,-354.91,4,4
-46.554,-354.48,4,4
-47.68,-354.04,4,4
-48.806,-353.61,4,4
-49.932,-353.17,4,4
-51.057,-352.72,4,4
-52.183,-352.28,4,4
-53.309,-351.83,4,4
-54.435,-351.39,4,4
-55.561,-350.94,4,4
-56.687,-350.49,4,4
-57.814,-350.03,4,4
-58.941,-349.58,4,4
-60.067,-349.12,4,4
-61.195,-348.66,4,4
-62.322,-348.21,4,4
-63.45,-347.74,4,4
-64.578,-347.28,4,4
-65.706,-346.82,4,4
-66.835,-346.35,4,4
-67.964,-345.89,4,4
-69.093,-345.42,4,4
-70.223,-344.95,4,4
-71.353,-344.48,4,4
-72.483,-344,4,4
-73.613,-343.53,4,4
-74.745,-343.05,4,4
-75.876,-342.58,4,4
-77.007,-342.1,4,4
-78.14,-341.62,4,4
-79.272,-341.14,4,4
-80.405,-340.66,4,4
-81.538,-340.18,4,4
-82.671,-339.7,4,4
-83.805,-339.21,4,4
-84.939,-338.72,4,4
-86.073,-338.24,4,4
-87.207,-337.75,4,4
-88.342,-337.26,4,4
-89.477,-336.77,4,4
-90.612,-336.27,4,4
-91.747,-335.78,4,4
-92.882,-335.28,4,4
-94.018,-334.78,4,4
-95.154,-334.28,4,4
-96.29,-333.78,4,4
-97.426,-333.28,4,4
-98.562,-332.78,4,4
-99.699,-332.27,4,4
-100.84,-331.76,4,4
-101.97,-331.25,4,4
-103.11,-330.74,4,4
-104.25,-330.23,4,4
-105.39,-329.72,4,4
-106.52,-329.2,4,4
-107.66,-328.68,4,4
-108.8,-328.16,4,4
-109.93,-327.64,4,4
-111.07,-327.12,4,4
-112.21,-326.59,4,4
-113.34,-326.06,4,4
-114.48,-325.53,4,4
-115.61,-325,4,4
-116.75,-324.46,4,4
-117.88,-323.92,4,4
-119.02,-323.39,4,4
-120.15,-322.84,4,4
-121.29,-322.3,4,4
-122.42,-321.75,4,4
-123.55,-321.2,4,4
-124.69,-320.66,4,4
-125.82,-320.1,4,4
-126.96,-319.55,4,4
-128.09,-318.99,4,4
-129.23,-318.44,4,4
-130.36,-317.88,4,4
-131.5,-317.32,4,4
-132.63,-316.75,4,4
-133.76,-316.19,4,4
-134.9,-315.62,4,4
-136.03,-315.05,4,4
-137.16,-314.48,4,4
-138.3,-313.91,4,4
-139.43,-313.33,4,4
-140.56,-312.75,4,4
-141.69,-312.17,4,4
-142.82,-311.59,4,4
-143.95,-311.01,4,4
-145.08,-310.42,4,4
-146.21,-309.83,4,4
-147.33,-309.24,4,4
-148.46,-308.64,4,4
-149.59,-308.05,4,4
-150.71,-307.45,4,4
-151.84,-306.85,4,4
-152.97,-306.25,4,4
-154.09,-305.64,4,4
-155.22,-305.04,4,4
-156.35,-304.43,4,4
-157.47,-303.82,4,4
-158.6,-303.21,4,4
-159.73,-302.6,4,4
-160.85,-301.98,4,4
-161.98,-301.37,4,4
-163.1,-300.75,4,4
-164.23,-300.13,4,4
-165.35,-299.5,4,4
-166.48,-298.88,4,4
-167.6,-298.26,4,4
-168.72,-297.63,4,4
-169.85,-297,4,4
-170.97,-296.37,4,4
-172.09,-295.74,4,4
-173.21,-295.1,4,4
-174.34,-294.47,4,4
-175.46,-293.84,4,4
-176.58,-293.2,4,4
-177.71,-292.57,4,4
-178.84,-291.93,4,4
-179.96,-291.3,4,4
-181.09,-290.66,4,4
-182.22,-290.03,4,4
-183.35,-289.39,4,4
-184.48,-288.76,4,4
-185.61,-288.12,4,4
-186.74,-287.49,4,4
-187.87,-286.85,4,4
-189,-286.22,4,4
-190.13,-285.58,4,4
-191.26,-284.95,4,4
-192.38,-284.31,4,4
-193.5,-283.68,4,4
-194.62,-283.05,4,4
-195.73,-282.41,4,4
-196.84,-281.79,4,4
-197.94,-281.16,4,4
-199.04,-280.53,4,4
-200.13,-279.91,4,4
-201.22,-279.29,4,4
-202.29,-278.67,4,4
-203.37,-278.06,4,4
-204.43,-277.45,4,4
-205.49,-276.84,4,4
-206.54,-276.24,4,4
-207.58,-275.64,4,4
-208.62,-275.04,4,4
-209.65,-274.44,4,4
-210.67,-273.85,4,4
-211.69,-273.26,4,4
-212.7,-272.67,4,4
-213.71,-272.09,4,4
-214.7,-271.51,4,4
-215.69,-270.94,4,4
-216.68,-270.36,4,4
-217.66,-269.8,4,4
-218.63,-269.23,4,4
-219.6,-268.67,4,4
-220.56,-268.12,4,4
-221.51,-267.57,4,4
-222.46,-267.02,4,4
-223.4,-266.48,4,4
-224.34,-265.94,4,4
-225.27,-265.4,4,4
-226.19,-264.87,4,4
-227.1,-264.35,4,4
-228.02,-263.82,4,4
-228.92,-263.3,4,4
-229.81,-262.78,4,4
-230.71,-262.27,4,4
-231.58,-261.76,4,4
-232.46,-261.24,4,4
-233.33,-260.74,4,4
-234.19,-260.24,4,4
-235.05,-259.73,4,4
-235.9,-259.24,4,4
-236.75,-258.74,4,4
-237.59,-258.25,4,4
-238.42,-257.77,4,4
-239.25,-257.28,4,4
-240.07,-256.8,4,4
-240.89,-256.32,4,4
-241.7,-255.85,4,4
-242.5,-255.38,4,4
-243.3,-254.91,4,4
-244.09,-254.45,4,4
-244.89,-253.98,4,4
-245.67,-253.53,4,4
-246.44,-253.07,4,4
-247.22,-252.62,4,4
-247.98,-252.18,4,4
-248.74,-251.73,4,4
-249.5,-251.29,4,4
-250.25,-250.86,4,4
-250.99,-250.42,4,4
-251.73,-249.99,4,4
-252.46,-249.56,4,4
-253.19,-249.14,4,4
-253.91,-248.72,4,4
-254.63,-248.3,4,4
-255.34,-247.89,4,4
-256.05,-247.47,4,4
-256.75,-247.07,4,4
-257.44,-246.66,4,4
-258.13,-246.26,4,4
-258.81,-245.86,4,4
-259.5,-245.47,4,4
-260.17,-245.08,4,4
-260.84,-244.69,4,4
-261.51,-244.3,4,4
-262.16,-243.92,4,4
-262.82,-243.54,4,4
-263.46,-243.16,4,4
-264.11,-242.79,4,4
-264.75,-242.42,4,4
-265.38,-242.06,4,4
-266.01,-241.69,4,4
-266.63,-241.33,4,4
-267.24,-240.97,4,4
-267.85,-240.62,4,4
-268.45,-240.27,4,4
-269.05,-239.92,4,4
-269.64,-239.57,4,4
-270.23,-239.23,4,4
-270.81,-238.89,4,4
-271.39,-238.55,4,4
-271.96,-238.21,4,4
-272.52,-237.88,4,4
-273.08,-237.55,4,4
-273.63,-237.22,4,4
-274.18,-236.89,4,4
-274.72,-236.57,4,4
-275.26,-236.25,4,4
-275.79,-235.93,4,4
-276.32,-235.61,4,4
-276.84,-235.29,4,4
-277.36,-234.98,4,4
-277.87,-234.67,4,4
-278.38,-234.36,4,4
-278.89,-234.05,4,4
-279.38,-233.75,4,4
-279.88,-233.44,4,4
-280.37,-233.14,4,4
-280.85,-232.84,4,4
-281.34,-232.55,4,4
-281.81,-232.25,4,4
-282.28,-231.96,4,4
-282.75,-231.67,4,4
-283.21,-231.38,4,4
-283.67,-231.09,4,4
-284.12,-230.81,4,4
-284.58,-230.52,4,4
-285.02,-230.24,4,4
-285.46,-229.96,4,4
-285.9,-229.68,4,4
-286.34,-229.41,4,4
-286.77,-229.13,4,4
-287.19,-228.86,4,4
-287.62,-228.58,4,4
-288.04,-228.31,4,4
-288.45,-228.04,4,4
-288.87,-227.77,4,4
-289.28,-227.5,4,4
-289.68,-227.23,4,4
-290.09,-226.96,4,4
-290.48,-226.69,4,4
-290.88,-226.42,4,4
-291.28,-226.15,4,4
-291.66,-225.88,4,4
-292.05,-225.61,4,4
-292.43,-225.34,4,4
-292.82,-225.07,4,4
-293.19,-224.79,4,4
-293.57,-224.52,4,4
-293.94,-224.24,4,4
-294.3,-223.97,4,4
-294.67,-223.69,4,4
-295.03,-223.41,4,4
-295.38,-223.13,4,4
-295.74,-222.84,4,4
-296.08,-222.55,4,4
-296.43,-222.27,4,4
-296.77,-221.97,4,4
-297.11,-221.68,4,4
-297.44,-221.38,4,4
-297.77,-221.08,4,4
-298.1,-220.78,4,4
-298.42,-220.47,4,4
-298.74,-220.16,4,4
-299.06,-219.85,4,4
-299.36,-219.53,4,4
-299.67,-219.22,4,4
-299.97,-218.9,4,4
-300.27,-218.57,4,4
-300.57,-218.25,4,4
-300.86,-217.92,4,4
-301.14,-217.59,4,4
-301.42,-217.26,4,4
-301.7,-216.92,4,4
-301.98,-216.59,4,4
-302.24,-216.25,4,4
-302.51,-215.91,4,4
-302.77,-215.56,4,4
-303.02,-215.22,4,4
-303.27,-214.87,4,4
-303.51,-214.52,4,4
-303.76,-214.17,4,4
-303.99,-213.82,4,4
-304.22,-213.47,4,4
-304.45,-213.11,4,4
-304.66,-212.75,4,4
-304.88,-212.39,4,4
-305.08,-212.02,4,4
-305.29,-211.66,4,4
-305.49,-211.29,4,4
-305.67,-210.92,4,4
-305.86,-210.55,4,4
-306.03,-210.17,4,4
-306.21,-209.8,4,4
-306.38,-209.42,4,4
-306.53,-209.04,4,4
-306.69,-208.66,4,4
-306.84,-208.27,4,4
-306.98,-207.89,4,4
-307.12,-207.51,4,4
-307.25,-207.12,4,4
-307.38,-206.73,4,4
-307.5,-206.34,4,4
-307.62,-205.95,4,4
-307.74,-205.56,4,4
-307.84,-205.17,4,4
-307.94,-204.78,4,4
-308.04,-204.39,4,4
-308.13,-204,4,4
-308.22,-203.6,4,4
-308.29,-203.21,4,4
-308.37,-202.81,4,4
-308.43,-202.42,4,4
-308.49,-202.02,4,4
-308.55,-201.62,4,4
-308.6,-201.23,4,4
-308.64,-200.83,4,4
-308.67,-200.43,4,4
-308.7,-200.03,4,4
-308.73,-199.63,4,4
-308.74,-199.23,4,4
-308.76,-198.83,4,4
-308.76,-198.43,4,4
-308.76,-198.03,4,4
-308.76,-197.63,4,4
-308.75,-197.23,4,4
-308.73,-196.83,4,4
-308.71,-196.44,4,4
-308.68,-196.04,4,4
-308.65,-195.64,4,4
-308.61,-195.24,4,4
-308.57,-194.84,4,4
-308.52,-194.44,4,4
-308.46,-194.04,4,4
-308.41,-193.64,4,4
-308.34,-193.24,4,4
-308.27,-192.84,4,4
-308.19,-192.44,4,4
-308.11,-192.05,4,4
-308.03,-191.65,4,4
-307.93,-191.25,4,4
-307.84,-190.85,4,4
-307.73,-190.46,4,4
-307.62,-190.06,4,4
-307.51,-189.66,4,4
-307.39,-189.27,4,4
-307.27,-188.87,4,4
-307.14,-188.48,4,4
-307.01,-188.08,4,4
-306.88,-187.69,4,4
-306.73,-187.29,4,4
-306.59,-186.89,4,4
-306.44,-186.5,4,4
-306.29,-186.1,4,4
-306.13,-185.71,4,4
-305.97,-185.31,4,4
-305.81,-184.92,4,4
-305.63,-184.52,4,4
-305.46,-184.13,4,4
-305.28,-183.73,4,4
-305.09,-183.34,4,4
-304.91,-182.94,4,4
-304.71,-182.55,4,4
-304.52,-182.16,4,4
-304.32,-181.76,4,4
-304.11,-181.37,4,4
-303.9,-180.97,4,4
-303.69,-180.58,4,4
-303.47,-180.18,4,4
-303.25,-179.78,4,4
-303.03,-179.38,4,4
-302.8,-178.99,4,4
-302.57,-178.59,4,4
-302.34,-178.18,4,4
-302.11,-177.78,4,4
-301.87,-177.38,4,4
-301.63,-176.97,4,4
-301.39,-176.57,4,4
-301.14,-176.16,4,4
-300.89,-175.76,4,4
-300.63,-175.35,4,4
-300.38,-174.95,4,4
-300.12,-174.54,4,4
-299.85,-174.13,4,4
-299.58,-173.73,4,4
-299.3,-173.32,4,4
-299.03,-172.91,4,4
-298.75,-172.51,4,4
-298.46,-172.1,4,4
-298.17,-171.69,4,4
-297.88,-171.28,4,4
-297.58,-170.88,4,4
-297.28,-170.47,4,4
-296.98,-170.06,4,4
-296.67,-169.65,4,4
-296.36,-169.24,4,4
-296.05,-168.83,4,4
-295.73,-168.42,4,4
-295.41,-168.01,4,4
-295.09,-167.6,4,4
-294.76,-167.19,4,4
-294.43,-166.78,4,4
-294.1,-166.37,4,4
-293.76,-165.96,4,4
-293.42,-165.55,4,4
-293.07,-165.14,4,4
-292.72,-164.73,4,4
-292.36,-164.32,4,4
-292,-163.91,4,4
-291.64,-163.5,4,4
-291.27,-163.1,4,4
-290.9,-162.69,4,4
-290.52,-162.28,4,4
-290.14,-161.88,4,4
-289.75,-161.47,4,4
-289.36,-161.07,4,4
-288.97,-160.67,4,4
-288.57,-160.27,4,4
-288.16,-159.86,4,4
-287.76,-159.46,4,4
-287.35,-159.06,4,4
-286.93,-158.66,4,4
-286.51,-158.26,4,4
-286.09,-157.86,4,4
-285.66,-157.46,4,4
-285.23,-157.07,4,4
-284.8,-156.67,4,4
-284.36,-156.27,4,4
-283.91,-155.88,4,4
-283.47,-155.48,4,4
-283.02,-155.09,4,4
-282.57,-154.7,4,4
-282.11,-154.3,4,4
-281.65,-153.91,4,4
-281.18,-153.52,4,4
-280.71,-153.13,4,4
-280.24,-152.74,4,4
-279.76,-152.35,4,4
-279.28,-151.96,4,4
-278.8,-151.57,4,4
-278.31,-151.18,4,4
-277.82,-150.79,4,4
-277.33,-150.41,4,4
-276.83,-150.02,4,4
-276.33,-149.64,4,4
-275.82,-149.25,4,4
-275.32,-148.87,4,4
-274.81,-148.48,4,4
-274.29,-148.1,4,4
-273.78,-147.71,4,4
-273.26,-147.33,4,4
-272.73,-146.94,4,4
-272.21,-146.56,4,4
-271.68,-146.17,4,4
-271.15,-145.79,4,4
-270.62,-145.4,4,4
-270.08,-145.01,4,4
-269.55,-144.62,4,4
-269.01,-144.23,4,4
-268.46,-143.84,4,4
-267.92,-143.45,4,4
-267.37,-143.06,4,4
-266.82,-142.67,4,4
-266.27,-142.27,4,4
-265.71,-141.88,4,4
-265.16,-141.48,4,4
-264.6,-141.09,4,4
-264.04,-140.69,4,4
-263.47,-140.3,4,4
-262.91,-139.9,4,4
-262.34,-139.5,4,4
-261.77,-139.1,4,4
-261.19,-138.7,4,4
-260.62,-138.29,4,4
-260.04,-137.89,4,4
-259.46,-137.48,4,4
-258.88,-137.07,4,4
-258.29,-136.66,4,4
-257.71,-136.25,4,4
-257.12,-135.84,4,4
-256.53,-135.43,4,4
-255.95,-135.01,4,4
-255.36,-134.6,4,4
-254.77,-134.18,4,4
-254.19,-133.77,4,4
-253.6,-133.35,4,4
-253.02,-132.94,4,4
-252.44,-132.53,4,4
-251.87,-132.11,4,4
-251.29,-131.7,4,4
-250.72,-131.29,4,4
-250.15,-130.89,4,4
-249.59,-130.48,4,4
-249.03,-130.08,4,4
-248.47,-129.67,4,4
-247.93,-129.27,4,4
-247.38,-128.88,4,4
-246.83,-128.48,4,4
-246.29,-128.09,4,4
-245.75,-127.69,4,4
-245.22,-127.3,4,4
-244.69,-126.92,4,4
-244.17,-126.53,4,4
-243.65,-126.15,4,4
-243.13,-125.76,4,4
-242.61,-125.39,4,4
-242.1,-125.01,4,4
-241.59,-124.63,4,4
-241.09,-124.26,4,4
-240.59,-123.88,4,4
-240.1,-123.51,4,4
-239.6,-123.14,4,4
-239.11,-122.77,4,4
-238.63,-122.41,4,4
-238.14,-122.04,4,4
-237.67,-121.67,4,4
-237.19,-121.31,4,4
-236.72,-120.94,4,4
-236.25,-120.58,4,4
-235.79,-120.21,4,4
-235.33,-119.84,4,4
-234.87,-119.48,4,4
-234.42,-119.11,4,4
-233.97,-118.74,4,4
-233.52,-118.37,4,4
-233.08,-118,4,4
-232.64,-117.62,4,4
-232.21,-117.25,4,4
-231.78,-116.87,4,4
-231.35,-116.5,4,4
-230.92,-116.11,4,4
-230.5,-115.73,4,4
-230.09,-115.35,4,4
-229.67,-114.96,4,4
-229.26,-114.57,4,4
-228.85,-114.18,4,4
-228.45,-113.79,4,4
-228.05,-113.39,4,4
-227.66,-113,4,4
-227.26,-112.6,4,4
-226.88,-112.19,4,4
-226.49,-111.79,4,4
-226.11,-111.38,4,4
-225.73,-110.97,4,4
-225.36,-110.56,4,4
-224.99,-110.14,4,4
-224.63,-109.72,4,4
-224.27,-109.3,4,4
-223.91,-108.88,4,4
-223.55,-108.45,4,4
-223.2,-108.02,4,4
-222.85,-107.59,4,4
-222.51,-107.16,4,4
-222.17,-106.72,4,4
-221.84,-106.29,4,4
-221.51,-105.84,4,4
-221.18,-105.4,4,4
-220.86,-104.96,4,4
-220.54,-104.51,4,4
-220.22,-104.06,4,4
-219.92,-103.6,4,4
-219.61,-103.15,4,4
-219.31,-102.69,4,4
-219.02,-102.22,4,4
-218.73,-101.76,4,4
-218.45,-101.29,4,4
-218.17,-100.82,4,4
-217.9,-100.34,4,4
-217.63,-99.862,4,4
-217.36,-99.384,4,4
-217.11,-98.9,4,4
-216.85,-98.417,4,4
-216.6,-97.93,4,4
-216.36,-97.442,4,4
-216.12,-96.954,4,4
-215.88,-96.461,4,4
-215.65,-95.969,4,4
-215.43,-95.473,4,4
-215.21,-94.976,4,4
-214.99,-94.478,4,4
-214.78,-93.976,4,4
-214.58,-93.475,4,4
-214.38,-92.97,4,4
-214.19,-92.463,4,4
-213.99,-91.956,4,4
-213.81,-91.445,4,4
-213.63,-90.934,4,4
-213.46,-90.421,4,4
-213.29,-89.906,4,4
-213.13,-89.391,4,4
-212.97,-88.874,4,4
-212.81,-88.356,4,4
-212.67,-87.837,4,4
-212.52,-87.318,4,4
-212.38,-86.798,4,4
-212.25,-86.276,4,4
-212.12,-85.754,4,4
-212,-85.232,4,4
-211.89,-84.708,4,4
-211.77,-84.184,4,4
-211.67,-83.659,4,4
-211.57,-83.134,4,4
-211.48,-82.608,4,4
-211.4,-82.081,4,4
-211.31,-81.555,4,4
-211.24,-81.027,4,4
-211.17,-80.499,4,4
-211.11,-79.971,4,4
-211.06,-79.442,4,4
-211.01,-78.914,4,4
-210.97,-78.385,4,4
-210.93,-77.857,4,4
-210.9,-77.328,4,4
-210.87,-76.8,4,4
-210.85,-76.272,4,4
-210.84,-75.744,4,4
-210.83,-75.216,4,4
-210.83,-74.688,4,4
-210.84,-74.161,4,4
-210.85,-73.634,4,4
-210.87,-73.109,4,4
-210.88,-72.583,4,4
-210.91,-72.059,4,4
-210.94,-71.535,4,4
-210.98,-71.012,4,4
-211.02,-70.492,4,4
-211.07,-69.972,4,4
-211.12,-69.454,4,4
-211.18,-68.938,4,4
-211.24,-68.422,4,4
-211.31,-67.909,4,4
-211.38,-67.397,4,4
-211.46,-66.887,4,4
-211.54,-66.378,4,4
-211.63,-65.87,4,4
-211.72,-65.365,4,4
-211.82,-64.859,4,4
-211.92,-64.356,4,4
-212.03,-63.854,4,4
-212.14,-63.353,4,4
-212.26,-62.855,4,4
-212.38,-62.358,4,4
-212.5,-61.863,4,4
-212.63,-61.371,4,4
-212.76,-60.88,4,4
-212.9,-60.393,4,4
-213.04,-59.907,4,4
-213.19,-59.426,4,4
-213.34,-58.947,4,4
-213.5,-58.469,4,4
-213.66,-57.997,4,4
-213.83,-57.525,4,4
-214,-57.057,4,4
-214.18,-56.591,4,4
-214.36,-56.126,4,4
-214.56,-55.665,4,4
-214.75,-55.205,4,4
-214.95,-54.746,4,4
-215.15,-54.29,4,4
-215.36,-53.834,4,4
-215.57,-53.381,4,4
-215.79,-52.928,4,4
-216.01,-52.478,4,4
-216.23,-52.029,4,4
-216.46,-51.582,4,4
-216.7,-51.138,4,4
-216.93,-50.694,4,4
-217.18,-50.254,4,4
-217.42,-49.816,4,4
-217.67,-49.379,4,4
-217.94,-48.947,4,4
-218.2,-48.515,4,4
-218.47,-48.087,4,4
-218.74,-47.662,4,4
-219.02,-47.237,4,4
-219.31,-46.819,4,4
-219.59,-46.4,4,4
-219.89,-45.986,4,4
-220.19,-45.575,4,4
-220.49,-45.165,4,4
-220.8,-44.761,4,4
-221.11,-44.357,4,4
-221.43,-43.959,4,4
-221.75,-43.563,4,4
-222.08,-43.169,4,4
-222.41,-42.781,4,4
-222.74,-42.394,4,4
-223.09,-42.011,4,4
-223.43,-41.631,4,4
-223.78,-41.252,4,4
-224.14,-40.88,4,4
-224.49,-40.507,4,4
-224.86,-40.14,4,4
-225.22,-39.774,4,4
-225.59,-39.41,4,4
-225.97,-39.052,4,4
-226.35,-38.695,4,4
-226.74,-38.342,4,4
-227.13,-37.992,4,4
-227.52,-37.644,4,4
-227.92,-37.303,4,4
-228.32,-36.962,4,4
-228.72,-36.627,4,4
-229.14,-36.295,4,4
-229.55,-35.965,4,4
-229.97,-35.643,4,4
-230.39,-35.32,4,4
-230.82,-35.004,4,4
-231.25,-34.691,4,4
-231.69,-34.38,4,4
-232.13,-34.076,4,4
-232.57,-33.773,4,4
-233.02,-33.475,4,4
-233.48,-33.18,4,4
-233.93,-32.887,4,4
-234.4,-32.602,4,4
-234.86,-32.317,4,4
-235.33,-32.038,4,4
-235.8,-31.762,4,4
-236.27,-31.488,4,4
-236.75,-31.222,4,4
-237.24,-30.957,4,4
-237.72,-30.698,4,4
-238.21,-30.443,4,4
-238.71,-30.19,4,4
-239.21,-29.946,4,4
-239.71,-29.702,4,4
-240.21,-29.465,4,4
-240.72,-29.233,4,4
-241.24,-29.002,4,4
-241.76,-28.78,4,4
-242.28,-28.558,4,4
-242.8,-28.344,4,4
-243.33,-28.133,4,4
-243.86,-27.924,4,4
-244.4,-27.724,4,4
-244.94,-27.524,4,4
-245.49,-27.33,4,4
-246.04,-27.139,4,4
-246.59,-26.95,4,4
-247.14,-26.768,4,4
-247.7,-26.587,4,4
-248.26,-26.411,4,4
-248.83,-26.237,4,4
-249.4,-26.065,4,4
-249.97,-25.899,4,4
-250.54,-25.733,4,4
-251.12,-25.571,4,4
-251.71,-25.412,4,4
-252.29,-25.254,4,4
-252.88,-25.101,4,4
-253.47,-24.949,4,4
-254.07,-24.801,4,4
-254.67,-24.655,4,4
-255.27,-24.511,4,4
-255.87,-24.373,4,4
-256.48,-24.235,4,4
-257.09,-24.103,4,4
-257.7,-23.974,4,4
-258.32,-23.846,4,4
-258.94,-23.725,4,4
-259.56,-23.605,4,4
-260.18,-23.491,4,4
-260.81,-23.38,4,4
-261.44,-23.27,4,4
-262.08,-23.168,4,4
-262.71,-23.066,4,4
-263.35,-22.969,4,4
-264,-22.874,4,4
-264.64,-22.781,4,4
-265.29,-22.695,4,4
-265.94,-22.608,4,4
-266.6,-22.527,4,4
-267.25,-22.448,4,4
-267.91,-22.37,4,4
-268.58,-22.299,4,4
-269.25,-22.227,4,4
-269.92,-22.16,4,4
-270.59,-22.096,4,4
-271.27,-22.033,4,4
-271.95,-21.975,4,4
-272.64,-21.917,4,4
-273.33,-21.863,4,4
-274.02,-21.81,4,4
-274.71,-21.758,4,4
-275.41,-21.71,4,4
-276.1,-21.661,4,4
-276.8,-21.614,4,4
-277.5,-21.567,4,4
-278.2,-21.52,4,4
-278.91,-21.475,4,4
-279.61,-21.429,4,4
-280.3,-21.384,4,4
-281,-21.338,4,4
-281.69,-21.293,4,4
-282.38,-21.248,4,4
-283.07,-21.202,4,4
-283.75,-21.157,4,4
-284.42,-21.112,4,4
-285.1,-21.067,4,4
-285.76,-21.022,4,4
-286.42,-20.977,4,4
-287.08,-20.933,4,4
-287.72,-20.888,4,4
-288.37,-20.844,4,4
-289,-20.799,4,4
-289.64,-20.755,4,4
-290.26,-20.711,4,4
-290.88,-20.666,4,4
-291.5,-20.621,4,4
-292.11,-20.577,4,4
-292.71,-20.532,4,4
-293.31,-20.486,4,4
-293.9,-20.441,4,4
-294.49,-20.395,4,4
-295.07,-20.348,4,4
-295.65,-20.302,4,4
-296.22,-20.254,4,4
-296.79,-20.206,4,4
-297.35,-20.158,4,4
-297.91,-20.109,4,4
-298.46,-20.059,4,4
-299.01,-20.009,4,4
-299.55,-19.957,4,4
-300.09,-19.906,4,4
-300.62,-19.853,4,4
-301.15,-19.799,4,4
-301.67,-19.745,4,4
-302.19,-19.689,4,4
-302.71,-19.633,4,4
-303.22,-19.575,4,4
-303.73,-19.516,4,4
-304.24,-19.456,4,4
-304.74,-19.395,4,4
-305.24,-19.334,4,4
-305.74,-19.27,4,4
-306.23,-19.207,4,4
-306.72,-19.142,4,4
-307.21,-19.076,4,4
-307.69,-19.01,4,4
-308.17,-18.942,4,4
-308.65,-18.874,4,4
-309.13,-18.804,4,4
-309.6,-18.734,4,4
-310.07,-18.664,4,4
-310.54,-18.591,4,4
-311.01,-18.518,4,4
-311.47,-18.442,4,4
-311.93,-18.365,4,4
-312.39,-18.287,4,4
-312.85,-18.205,4,4
-313.3,-18.122,4,4
-313.76,-18.036,4,4
-314.21,-17.947,4,4
-314.66,-17.857,4,4
-315.11,-17.761,4,4
-315.55,-17.664,4,4
-316,-17.563,4,4
-316.44,-17.458,4,4
-316.88,-17.352,4,4
-317.32,-17.238,4,4
-317.75,-17.124,4,4
-318.19,-17.004,4,4
-318.62,-16.881,4,4
-319.05,-16.756,4,4
-319.47,-16.622,4,4
-319.9,-16.489,4,4
-320.32,-16.349,4,4
-320.74,-16.205,4,4
-321.15,-16.06,4,4
-321.57,-15.906,4,4
-321.98,-15.752,4,4
-322.38,-15.591,4,4
-322.79,-15.427,4,4
-323.19,-15.261,4,4
-323.58,-15.085,4,4
-323.98,-14.91,4,4
-324.37,-14.728,4,4
-324.76,-14.542,4,4
-325.14,-14.355,4,4
-325.52,-14.159,4,4
-325.9,-13.963,4,4
-326.28,-13.76,4,4
-326.65,-13.554,4,4
-327.02,-13.347,4,4
-327.38,-13.131,4,4
-327.75,-12.915,4,4
-328.11,-12.693,4,4
-328.46,-12.468,4,4
-328.81,-12.242,4,4
-329.16,-12.007,4,4
-329.51,-11.773,4,4
-329.84,-11.533,4,4
-330.18,-11.29,4,4
-330.52,-11.045,4,4
-330.84,-10.793,4,4
-331.17,-10.54,4,4
-331.49,-10.281,4,4
-331.8,-10.02,4,4
-332.11,-9.7564,4,4
-332.42,-9.4852,4,4
-332.72,-9.214,4,4
-333.02,-8.9369,4,4
-333.31,-8.6566,4,4
-333.6,-8.375,4,4
-333.89,-8.086,4,4
-334.17,-7.797,4,4
-334.44,-7.5029,4,4
-334.71,-7.2061,4,4
-334.98,-6.9081,4,4
-335.24,-6.6041,4,4
-335.5,-6.3,4,4
-335.76,-5.9917,4,4
-336.01,-5.6811,4,4
-336.25,-5.3695,4,4
-336.49,-5.0528,4,4
-336.73,-4.736,4,4
-336.95,-4.4155,4,4
-337.18,-4.093,4,4
-337.4,-3.7696,4,4
-337.61,-3.4413,4,4
-337.82,-3.1131,4,4
-338.02,-2.7811,4,4
-338.22,-2.4473,4,4
-338.42,-2.1126,4,4
-338.6,-1.7732,4,4
-338.78,-1.4338,4,4
-338.95,-1.0912,4,4
-339.12,-0.74682,4,4
-339.28,-0.40179,4,4
-339.43,-0.052866,4,4
-339.58,0.29605,4,4
-339.73,0.64742,4,4
-339.86,1.0001,4,4
-340,1.3533,4,4
-340.12,1.709,4,4
-340.25,2.0648,4,4
-340.36,2.4219,4,4
-340.47,2.7797,4,4
-340.58,3.1376,4,4
-340.67,3.4966,4,4
-340.77,3.8556,4,4
-340.86,4.2147,4,4
-340.94,4.5738,4,4
-341.02,4.9329,4,4
-341.09,5.2915,4,4
-341.16,5.6502,4,4
-341.22,6.0078,4,4
-341.27,6.365,4,4
-341.32,6.7219,4,4
-341.36,7.0772,4,4
-341.39,7.4325,4,4
-341.42,7.7864,4,4
-341.44,8.1396,4,4
-341.46,8.4924,4,4
-341.47,8.8434,4,4
-341.47,9.1944,4,4
-341.47,9.5438,4,4
-341.46,9.8923,4,4
-341.44,10.24,4,4
-341.42,10.587,4,4
-341.39,10.933,4,4
-341.36,11.277,4,4
-341.32,11.62,4,4
-341.28,11.963,4,4
-341.22,12.303,4,4
-341.17,12.642,4,4
-341.1,12.98,4,4
-341.03,13.316,4,4
-340.96,13.651,4,4
-340.88,13.982,4,4
-340.8,14.314,4,4
-340.7,14.642,4,4
-340.61,14.969,4,4
-340.51,15.294,4,4
-340.39,15.616,4,4
-340.28,15.937,4,4
-340.16,16.254,4,4
-340.03,16.569,4,4
-339.9,16.883,4,4
-339.76,17.192,4,4
-339.62,17.5,4,4
-339.47,17.804,4,4
-339.31,18.105,4,4
-339.15,18.405,4,4
-338.98,18.698,4,4
-338.81,18.991,4,4
-338.63,19.28,4,4
-338.44,19.565,4,4
-338.26,19.849,4,4
-338.06,20.127,4,4
-337.86,20.405,4,4
-337.66,20.678,4,4
-337.45,20.949,4,4
-337.24,21.219,4,4
-337.01,21.483,4,4
-336.79,21.748,4,4
-336.57,22.009,4,4
-336.33,22.267,4,4
-336.1,22.525,4,4
-335.86,22.778,4,4
-335.61,23.032,4,4
-335.37,23.281,4,4
-335.11,23.529,4,4
-334.86,23.776,4,4
-334.59,24.018,4,4
-334.33,24.26,4,4
-334.06,24.498,4,4
-333.79,24.734,4,4
-333.51,24.968,4,4
-333.23,25.196,4,4
-332.94,25.425,4,4
-332.65,25.647,4,4
-332.36,25.867,4,4
-332.06,26.086,4,4
-331.76,26.297,4,4
-331.45,26.507,4,4
-331.14,26.712,4,4
-330.83,26.913,4,4
-330.51,27.113,4,4
-330.19,27.305,4,4
-329.87,27.497,4,4
-329.54,27.684,4,4
-329.21,27.868,4,4
-328.88,28.05,4,4
-328.54,28.227,4,4
-328.2,28.403,4,4
-327.86,28.576,4,4
-327.51,28.746,4,4
-327.16,28.915,4,4
-326.8,29.08,4,4
-326.45,29.245,4,4
-326.08,29.406,4,4
-325.72,29.565,4,4
-325.35,29.724,4,4
-324.98,29.877,4,4
-324.6,30.03,4,4
-324.22,30.179,4,4
-323.84,30.325,4,4
-323.46,30.47,4,4
-323.06,30.608,4,4
-322.67,30.746,4,4
-322.27,30.878,4,4
-321.87,31.007,4,4
-321.47,31.135,4,4
-321.07,31.254,4,4
-320.66,31.373,4,4
-320.25,31.484,4,4
-319.83,31.592,4,4
-319.42,31.698,4,4
-319,31.795,4,4
-318.57,31.891,4,4
-318.15,31.98,4,4
-317.72,32.064,4,4
-317.29,32.147,4,4
-316.86,32.22,4,4
-316.43,32.293,4,4
-315.99,32.359,4,4
-315.55,32.421,4,4
-315.11,32.482,4,4
-314.67,32.536,4,4
-314.22,32.59,4,4
-313.77,32.64,4,4
-313.32,32.688,4,4
-312.87,32.736,4,4
-312.41,32.78,4,4
-311.96,32.825,4,4
-311.49,32.868,4,4
-311.02,32.911,4,4
-310.56,32.954,4,4
-310.08,32.996,4,4
-309.61,33.038,4,4
-309.12,33.079,4,4
-308.64,33.12,4,4
-308.15,33.161,4,4
-307.66,33.2,4,4
-307.16,33.239,4,4
-306.67,33.277,4,4
-306.16,33.312,4,4
-305.66,33.348,4,4
-305.15,33.379,4,4
-304.64,33.411,4,4
-304.13,33.44,4,4
-303.61,33.467,4,4
-303.1,33.493,4,4
-302.57,33.515,4,4
-302.05,33.537,4,4
-301.52,33.556,4,4
-300.99,33.573,4,4
-300.46,33.59,4,4
-299.93,33.603,4,4
-299.39,33.616,4,4
-298.85,33.627,4,4
-298.3,33.637,4,4
-297.75,33.646,4,4
-297.2,33.652,4,4
-296.65,33.659,4,4
-296.09,33.663,4,4
-295.53,33.667,4,4
-294.97,33.67,4,4
-294.4,33.672,4,4
-293.83,33.674,4,4
-293.25,33.674,4,4
-292.68,33.674,4,4
-292.1,33.674,4,4
-291.51,33.672,4,4
-290.93,33.671,4,4
-290.34,33.668,4,4
-289.75,33.666,4,4
-289.15,33.662,4,4
-288.55,33.658,4,4
-287.95,33.654,4,4
-287.35,33.648,4,4
-286.75,33.642,4,4
-286.14,33.636,4,4
-285.53,33.629,4,4
-284.92,33.621,4,4
-284.3,33.613,4,4
-283.69,33.604,4,4
-283.07,33.594,4,4
-282.45,33.584,4,4
-281.83,33.574,4,4
-281.2,33.564,4,4
-280.58,33.553,4,4
-279.95,33.542,4,4
-279.32,33.531,4,4
-278.69,33.52,4,4
-278.06,33.509,4,4
-277.42,33.498,4,4
-276.78,33.486,4,4
-276.14,33.475,4,4
-275.5,33.463,4,4
-274.86,33.451,4,4
-274.21,33.439,4,4
-273.57,33.427,4,4
-272.91,33.414,4,4
-272.26,33.4,4,4
-271.6,33.386,4,4
-270.94,33.371,4,4
-270.28,33.355,4,4
-269.62,33.338,4,4
-268.95,33.321,4,4
-268.28,33.302,4,4
-267.61,33.282,4,4
-266.94,33.261,4,4
-266.27,33.237,4,4
-265.59,33.214,4,4
-264.91,33.188,4,4
-264.23,33.161,4,4
-263.55,33.133,4,4
-262.86,33.101,4,4
-262.17,33.069,4,4
-261.48,33.034,4,4
-260.79,32.997,4,4
-260.09,32.959,4,4
-259.39,32.916,4,4
-258.69,32.873,4,4
-257.99,32.826,4,4
-257.28,32.776,4,4
-256.58,32.725,4,4
-255.87,32.667,4,4
-255.15,32.61,4,4
-254.44,32.547,4,4
-253.72,32.482,4,4
-253,32.416,4,4
-252.28,32.343,4,4
-251.56,32.27,4,4
-250.83,32.192,4,4
-250.1,32.111,4,4
-249.37,32.028,4,4
-248.64,31.94,4,4
-247.91,31.851,4,4
-247.18,31.757,4,4
-246.44,31.66,4,4
-245.7,31.562,4,4
-244.96,31.456,4,4
-244.22,31.351,4,4
-243.48,31.24,4,4
-242.73,31.126,4,4
-241.99,31.01,4,4
-241.24,30.886,4,4
-240.49,30.763,4,4
-239.74,30.633,4,4
-238.99,30.5,4,4
-238.24,30.365,4,4
-237.48,30.222,4,4
-236.72,30.079,4,4
-235.96,29.929,4,4
-235.2,29.776,4,4
-234.44,29.621,4,4
-233.68,29.457,4,4
-232.92,29.293,4,4
-232.16,29.122,4,4
-231.4,28.947,4,4
-230.64,28.77,4,4
-229.87,28.583,4,4
-229.11,28.396,4,4
-228.35,28.201,4,4
-227.59,28.003,4,4
-226.83,27.802,4,4
-226.07,27.592,4,4
-225.31,27.382,4,4
-224.55,27.164,4,4
-223.79,26.943,4,4
-223.03,26.72,4,4
-222.27,26.489,4,4
-221.51,26.258,4,4
-220.75,26.021,4,4
-219.99,25.781,4,4
-219.23,25.541,4,4
-218.46,25.293,4,4
-217.7,25.046,4,4
-216.93,24.794,4,4
-216.16,24.54,4,4
-215.39,24.284,4,4
-214.63,24.023,4,4
-213.86,23.762,4,4
-213.09,23.495,4,4
-212.31,23.226,4,4
-211.54,22.955,4,4
-210.77,22.675,4,4
-210,22.396,4,4
-209.23,22.109,4,4
-208.45,21.817,4,4
-207.68,21.524,4,4
-206.91,21.219,4,4
-206.14,20.914,4,4
-205.37,20.601,4,4
-204.6,20.282,4,4
-203.83,19.961,4,4
-203.06,19.629,4,4
-202.29,19.297,4,4
-201.53,18.957,4,4
-200.76,18.612,4,4
-199.99,18.266,4,4
-199.23,17.91,4,4
-198.46,17.554,4,4
-197.7,17.191,4,4
-196.94,16.824,4,4
-196.18,16.456,4,4
-195.42,16.079,4,4
-194.65,15.701,4,4
-193.89,15.317,4,4
-193.13,14.929,4,4
-192.37,14.54,4,4
-191.61,14.14,4,4
-190.85,13.74,4,4
-190.1,13.332,4,4
-189.34,12.92,4,4
-188.58,12.505,4,4
-187.82,12.079,4,4
-187.07,11.653,4,4
-186.31,11.217,4,4
-185.56,10.776,4,4
-184.8,10.333,4,4
-184.05,9.8776,4,4
-183.3,9.4219,4,4
-182.55,8.9568,4,4
-181.8,8.4866,4,4
-181.05,8.0143,4,4
-180.31,7.5298,4,4
-179.56,7.0454,4,4
-178.82,6.5518,4,4
-178.08,6.0534,4,4
-177.34,5.5528,4,4
-176.61,5.0401,4,4
-175.87,4.5274,4,4
-175.14,4.005,4,4
-174.41,3.4773,4,4
-173.68,2.9473,4,4
-172.96,2.4044,4,4
-172.24,1.8615,4,4
-171.52,1.3086,4,4
-170.8,0.75039,4,4
-170.08,0.18995,4,4
-169.37,-0.38292,4,4
-168.66,-0.95578,4,4
-167.96,-1.5373,4,4
-167.26,-2.1235,4,4
-166.55,-2.7115,4,4
-165.86,-3.31,4,4
-165.16,-3.9085,4,4
-164.47,-4.5142,4,4
-163.78,-5.1239,4,4
-163.09,-5.7352,4,4
-162.4,-6.3559,4,4
-161.72,-6.9765,4,4
-161.03,-7.6042,4,4
-160.35,-8.2359,4,4
-159.68,-8.8693,4,4
-159,-9.5125,4,4
-158.33,-10.156,4,4
-157.66,-10.807,4,4
-156.99,-11.462,4,4
-156.33,-12.12,4,4
-155.67,-12.788,4,4
-155.02,-13.457,4,4
-154.37,-14.134,4,4
-153.72,-14.817,4,4
-153.08,-15.502,4,4
-152.44,-16.198,4,4
-151.81,-16.895,4,4
-151.18,-17.601,4,4
-150.56,-18.312,4,4
-149.94,-19.025,4,4
-149.33,-19.75,4,4
-148.72,-20.474,4,4
-148.11,-21.207,4,4
-147.51,-21.943,4,4
-146.91,-22.682,4,4
-146.32,-23.429,4,4
-145.72,-24.176,4,4
-145.13,-24.93,4,4
-144.55,-25.686,4,4
-143.96,-26.444,4,4
-143.38,-27.209,4,4
-142.8,-27.974,4,4
-142.23,-28.745,4,4
-141.66,-29.518,4,4
-141.09,-30.293,4,4
-140.53,-31.074,4,4
-139.97,-31.856,4,4
-139.41,-32.643,4,4
-138.86,-33.434,4,4
-138.31,-34.226,4,4
-137.76,-35.026,4,4
-137.22,-35.825,4,4
-136.69,-36.631,4,4
-136.15,-37.44,4,4
-135.62,-38.25,4,4
-135.1,-39.069,4,4
-134.58,-39.887,4,4
-134.06,-40.711,4,4
-133.54,-41.538,4,4
-133.03,-42.366,4,4
-132.52,-43.201,4,4
-132.01,-44.037,4,4
-131.51,-44.877,4,4
-131.01,-45.721,4,4
-130.51,-46.566,4,4
-130.01,-47.418,4,4
-129.52,-48.269,4,4
-129.03,-49.127,4,4
-128.55,-49.987,4,4
-128.07,-50.849,4,4
-127.6,-51.718,4,4
-127.13,-52.587,4,4
-126.66,-53.462,4,4
-126.2,-54.34,4,4
-125.74,-55.22,4,4
-125.29,-56.107,4,4
-124.85,-56.994,4,4
-124.41,-57.887,4,4
-123.97,-58.783,4,4
-123.54,-59.68,4,4
-123.11,-60.584,4,4
-122.69,-61.489,4,4
-122.27,-62.398,4,4
-121.86,-63.311,4,4
-121.45,-64.224,4,4
-121.05,-65.145,4,4
-120.65,-66.065,4,4
-120.26,-66.99,4,4
-119.87,-67.918,4,4
-119.48,-68.847,4,4
-119.11,-69.782,4,4
-118.73,-70.718,4,4
-118.36,-71.658,4,4
-117.99,-72.601,4,4
-117.63,-73.546,4,4
-117.28,-74.496,4,4
-116.93,-75.447,4,4
-116.58,-76.403,4,4
-116.24,-77.361,4,4
-115.9,-78.32,4,4
-115.57,-79.286,4,4
-115.24,-80.252,4,4
-114.92,-81.222,4,4
-114.61,-82.194,4,4
-114.29,-83.168,4,4
-113.99,-84.147,4,4
-113.68,-85.127,4,4
-113.38,-86.11,4,4
-113.09,-87.096,4,4
-112.8,-88.083,4,4
-112.52,-89.074,4,4
-112.23,-90.066,4,4
-111.96,-91.062,4,4
-111.69,-92.059,4,4
-111.42,-93.058,4,4
-111.16,-94.061,4,4
-110.89,-95.064,4,4
-110.64,-96.071,4,4
-110.39,-97.08,4,4
-110.14,-98.089,4,4
-109.91,-99.103,4,4
-109.67,-100.12,4,4
-109.44,-101.14,4,4
-109.21,-102.15,4,4
-108.99,-103.17,4,4
-108.77,-104.2,4,4
-108.55,-105.22,4,4
-108.34,-106.25,4,4
-108.13,-107.28,4,4
-107.93,-108.31,4,4
-107.72,-109.34,4,4
-107.52,-110.38,4,4
-107.32,-111.41,4,4
-107.13,-112.45,4,4
-106.93,-113.49,4,4
-106.74,-114.53,4,4
-106.55,-115.57,4,4
-106.36,-116.61,4,4
-106.17,-117.66,4,4
-105.98,-118.7,4,4
-105.8,-119.75,4,4
-105.61,-120.8,4,4
-105.43,-121.85,4,4
-105.25,-122.9,4,4
-105.06,-123.94,4,4
-104.88,-124.99,4,4
-104.7,-126.04,4,4
-104.52,-127.09,4,4
-104.33,-128.14,4,4
-104.15,-129.18,4,4
-103.97,-130.22,4,4
-103.78,-131.27,4,4
-103.59,-132.31,4,4
-103.4,-133.34,4,4
-103.2,-134.38,4,4
-103,-135.41,4,4
-102.8,-136.44,4,4
-102.6,-137.47,4,4
-102.39,-138.49,4,4
-102.18,-139.51,4,4
-101.96,-140.53,4,4
-101.74,-141.55,4,4
-101.51,-142.56,4,4
-101.28,-143.57,4,4
-101.04,-144.58,4,4
-100.8,-145.58,4,4
-100.55,-146.59,4,4
-100.3,-147.58,4,4
-100.04,-148.58,4,4
-99.777,-149.58,4,4
-99.506,-150.57,4,4
-99.234,-151.56,4,4
-98.955,-152.54,4,4
-98.672,-153.53,4,4
-98.388,-154.51,4,4
-98.094,-155.49,4,4
-97.801,-156.46,4,4
-97.5,-157.44,4,4
-97.195,-158.41,4,4
-96.889,-159.38,4,4
-96.573,-160.34,4,4
-96.257,-161.31,4,4
-95.932,-162.27,4,4
-95.603,-163.23,4,4
-95.271,-164.18,4,4
-94.928,-165.14,4,4
-94.585,-166.09,4,4
-94.233,-167.04,4,4
-93.875,-167.99,4,4
-93.516,-168.94,4,4
-93.144,-169.88,4,4
-92.772,-170.82,4,4
-92.392,-171.76,4,4
-92.007,-172.7,4,4
-91.619,-173.64,4,4
-91.221,-174.57,4,4
-90.822,-175.5,4,4
-90.416,-176.43,4,4
-90.004,-177.36,4,4
-89.591,-178.29,4,4
-89.168,-179.21,4,4
-88.744,-180.13,4,4
-88.313,-181.05,4,4
-87.878,-181.97,4,4
-87.441,-182.89,4,4
-86.995,-183.8,4,4
-86.549,-184.72,4,4
-86.097,-185.63,4,4
-85.641,-186.54,4,4
-85.184,-187.45,4,4
-84.719,-188.36,4,4
-84.253,-189.27,4,4
-83.78,-190.18,4,4
-83.304,-191.08,4,4
-82.826,-191.99,4,4
-82.338,-192.89,4,4
-81.849,-193.79,4,4
-81.352,-194.69,4,4
-80.851,-195.59,4,4
-80.347,-196.49,4,4
-79.832,-197.38,4,4
-79.317,-198.28,4,4
-78.793,-199.17,4,4
-78.264,-200.06,4,4
-77.733,-200.95,4,4
-77.192,-201.84,4,4
-76.65,-202.72,4,4
-76.102,-203.6,4,4
-75.549,-204.49,4,4
-74.996,-205.37,4,4
-74.434,-206.24,4,4
-73.872,-207.12,4,4
-73.304,-208,4,4
-72.734,-208.87,4,4
-72.162,-209.74,4,4
-71.583,-210.61,4,4
-71.004,-211.48,4,4
-70.419,-212.35,4,4
-69.831,-213.22,4,4
-69.242,-214.08,4,4
-68.644,-214.94,4,4
-68.046,-215.8,4,4
-67.441,-216.65,4,4
-66.831,-217.51,4,4
-66.22,-218.36,4,4
-65.598,-219.2,4,4
-64.977,-220.05,4,4
-64.348,-220.89,4,4
-63.714,-221.73,4,4
-63.079,-222.56,4,4
-62.435,-223.4,4,4
-61.791,-224.23,4,4
-61.14,-225.05,4,4
-60.487,-225.88,4,4
-59.832,-226.7,4,4
-59.171,-227.52,4,4
-58.509,-228.34,4,4
-57.844,-229.15,4,4
-57.176,-229.96,4,4
-56.507,-230.77,4,4
-55.833,-231.58,4,4
-55.16,-232.38,4,4
-54.482,-233.18,4,4
-53.803,-233.97,4,4
-53.124,-234.76,4,4
-52.44,-235.55,4,4
-51.756,-236.33,4,4
-51.069,-237.11,4,4
-50.381,-237.88,4,4
-49.693,-238.65,4,4
-49.002,-239.42,4,4
-48.311,-240.18,4,4
-47.62,-240.93,4,4
-46.928,-241.69,4,4
-46.236,-242.44,4,4
-45.545,-243.18,4,4
-44.853,-243.92,4,4
-44.164,-244.65,4,4
-43.475,-245.38,4,4
-42.786,-246.1,4,4
-42.102,-246.82,4,4
-41.417,-247.54,4,4
-40.737,-248.25,4,4
-40.058,-248.95,4,4
-39.381,-249.65,4,4
-38.71,-250.35,4,4
-38.039,-251.04,4,4
-37.373,-251.73,4,4
-36.71,-252.41,4,4
-36.048,-253.09,4,4
-35.393,-253.76,4,4
-34.737,-254.44,4,4
-34.086,-255.1,4,4
-33.438,-255.76,4,4
-32.79,-256.42,4,4
-32.146,-257.06,4,4
-31.503,-257.71,4,4
-30.862,-258.34,4,4
-30.222,-258.97,4,4
-29.582,-259.6,4,4
-28.945,-260.22,4,4
-28.308,-260.84,4,4
-27.671,-261.45,4,4
-27.036,-262.05,4,4
-26.4,-262.65,4,4
-25.766,-263.25,4,4
-25.131,-263.84,4,4
-24.497,-264.42,4,4
-23.864,-265.01,4,4
-23.231,-265.59,4,4
-22.599,-266.16,4,4
-21.967,-266.73,4,4
-21.335,-267.29,4,4
-20.704,-267.85,4,4
-20.072,-268.41,4,4
-19.441,-268.96,4,4
-18.81,-269.51,4,4
-18.179,-270.06,4,4
-17.548,-270.6,4,4
-16.917,-271.14,4,4
-16.286,-271.67,4,4
-15.655,-272.2,4,4
-15.023,-272.73,4,4
-14.391,-273.25,4,4
-13.759,-273.77,4,4
-13.126,-274.28,4,4
-12.493,-274.79,4,4
-11.86,-275.29,4,4
-11.225,-275.79,4,4
-10.59,-276.29,4,4
-9.9545,-276.78,4,4
-9.3185,-277.27,4,4
-8.6815,-277.76,4,4
-8.0439,-278.24,4,4
-7.4061,-278.72,4,4
-6.7673,-279.2,4,4
-6.1284,-279.67,4,4
-5.4891,-280.14,4,4
-4.8495,-280.61,4,4
-4.2098,-281.07,4,4
-3.5696,-281.53,4,4
-2.9294,-281.99,4,4
-2.2887,-282.44,4,4
-1.6477,-282.89,4,4
-1.0066,-283.34,4,4
-0.36432,-283.79,4,4
0.27792,-284.23,4,4
0.92155,-284.66,4,4
1.5659,-285.09,4,4
2.2107,-285.52,4,4
2.8577,-285.94,4,4
3.5048,-286.36,4,4
4.1538,-286.78,4,4
4.804,-287.18,4,4
5.4547,-287.59,4,4
6.1082,-287.99,4,4
6.7617,-288.39,4,4
7.4173,-288.78,4,4
8.074,-289.17,4,4
8.7312,-289.56,4,4
9.3911,-289.93,4,4
10.051,-290.31,4,4
10.713,-290.68,4,4
11.377,-291.05,4,4
12.04,-291.42,4,4
12.707,-291.78,4,4
13.374,-292.14,4,4
14.042,-292.49,4,4
14.712,-292.84,4,4
15.382,-293.19,4,4
16.055,-293.52,4,4
16.727,-293.86,4,4
17.402,-294.19,4,4
18.077,-294.52,4,4
18.752,-294.85,4,4
19.43,-295.17,4,4
20.108,-295.48,4,4
20.788,-295.8,4,4
21.468,-296.11,4,4
22.15,-296.41,4,4
22.834,-296.71,4,4
23.518,-297.01,4,4
24.204,-297.31,4,4
24.892,-297.6,4,4
25.581,-297.89,4,4
26.273,-298.18,4,4
26.966,-298.46,4,4
27.661,-298.74,4,4
28.357,-299.02,4,4
29.054,-299.29,4,4
29.755,-299.56,4,4
30.455,-299.83,4,4
31.158,-300.09,4,4
31.863,-300.36,4,4
32.568,-300.62,4,4
33.276,-300.87,4,4
33.984,-301.12,4,4
34.694,-301.37,4,4
35.406,-301.62,4,4
36.118,-301.86,4,4
36.834,-302.1,4,4
37.55,-302.34,4,4
38.269,-302.57,4,4
38.989,-302.8,4,4
39.71,-303.02,4,4
40.434,-303.24,4,4
41.158,-303.47,4,4
41.885,-303.68,4,4
42.614,-303.9,4,4
43.343,-304.11,4,4
44.075,-304.32,4,4
44.807,-304.53,4,4
45.541,-304.74,4,4
46.276,-304.94,4,4
47.012,-305.15,4,4
47.749,-305.35,4,4
48.486,-305.55,4,4
49.223,-305.75,4,4
49.96,-305.94,4,4
50.697,-306.14,4,4
51.432,-306.33,4,4
52.168,-306.52,4,4
52.9,-306.71,4,4
53.631,-306.9,4,4
54.361,-307.09,4,4
55.085,-307.27,4,4
55.809,-307.45,4,4
56.528,-307.63,4,4
57.243,-307.8,4,4
57.956,-307.97,4,4
58.661,-308.14,4,4
59.366,-308.31,4,4
60.064,-308.48,4,4
60.757,-308.64,4,4
61.449,-308.8,4,4
62.13,-308.96,4,4
62.812,-309.11,4,4
63.486,-309.26,4,4
64.156,-309.41,4,4
64.824,-309.56,4,4
65.482,-309.71,4,4
66.14,-309.85,4,4
66.791,-309.99,4,4
67.437,-310.13,4,4
68.082,-310.26,4,4
68.718,-310.39,4,4
69.354,-310.52,4,4
69.982,-310.65,4,4
70.607,-310.78,4,4
71.231,-310.9,4,4
71.845,-311.02,4,4
72.459,-311.14,4,4
73.067,-311.26,4,4
73.671,-311.38,4,4
74.274,-311.49,4,4
74.868,-311.6,4,4
75.462,-311.72,4,4
76.049,-311.83,4,4
76.633,-311.94,4,4
77.215,-312.05,4,4
77.789,-312.15,4,4
78.363,-312.26,4,4
78.931,-312.37,4,4
79.496,-312.47,4,4
80.059,-312.57,4,4
80.615,-312.67,4,4
81.17,-312.77,4,4
81.721,-312.87,4,4
82.268,-312.96,4,4
82.815,-313.06,4,4
83.355,-313.15,4,4
83.895,-313.24,4,4
84.431,-313.33,4,4
84.964,-313.41,4,4
85.497,-313.5,4,4
86.023,-313.58,4,4
86.55,-313.66,4,4
87.072,-313.74,4,4
87.591,-313.81,4,4
88.11,-313.89,4,4
88.622,-313.95,4,4
89.135,-314.02,4,4
89.643,-314.08,4,4
90.149,-314.14,4,4
90.653,-314.2,4,4
91.152,-314.25,4,4
91.651,-314.3,4,4
92.146,-314.35,4,4
92.638,-314.39,4,4
93.129,-314.43,4,4
93.615,-314.46,4,4
94.101,-314.49,4,4
94.584,-314.51,4,4
95.064,-314.53,4,4
95.544,-314.54,4,4
96.019,-314.55,4,4
96.494,-314.56,4,4
96.965,-314.56,4,4
97.435,-314.55,4,4
97.904,-314.55,4,4
98.368,-314.53,4,4
98.832,-314.51,4,4
99.293,-314.49,4,4
99.751,-314.46,4,4
100.21,-314.43,4,4
100.66,-314.39,4,4
101.11,-314.35,4,4
101.56,-314.3,4,4
102.01,-314.25,4,4
102.45,-314.2,4,4
102.89,-314.13,4,4
103.33,-314.07,4,4
103.77,-314,4,4
104.2,-313.93,4,4
104.64,-313.85,4,4
105.07,-313.77,4,4
105.49,-313.68,4,4
105.92,-313.59,4,4
106.34,-313.49,4,4
106.76,-313.39,4,4
107.18,-313.28,4,4
107.6,-313.17,4,4
108.01,-313.05,4,4
108.42,-312.93,4,4
108.83,-312.8,4,4
109.23,-312.66,4,4
109.64,-312.52,4,4
110.04,-312.38,4,4
110.43,-312.22,4,4
110.83,-312.07,4,4
111.22,-311.91,4,4
111.61,-311.74,4,4
111.99,-311.57,4,4
112.37,-311.39,4,4
112.75,-311.21,4,4
113.12,-311.03,4,4
113.5,-310.84,4,4
113.86,-310.64,4,4
114.23,-310.45,4,4
114.59,-310.25,4,4
114.94,-310.04,4,4
115.3,-309.83,4,4
115.64,-309.61,4,4
115.99,-309.4,4,4
116.33,-309.17,4,4
116.66,-308.94,4,4
116.99,-308.72,4,4
117.32,-308.48,4,4
117.64,-308.24,4,4
117.96,-308,4,4
118.27,-307.75,4,4
118.58,-307.49,4,4
118.88,-307.24,4,4
119.18,-306.98,4,4
119.48,-306.71,4,4
119.77,-306.44,4,4
120.05,-306.17,4,4
120.33,-305.89,4,4
120.61,-305.62,4,4
120.88,-305.33,4,4
121.15,-305.05,4,4
121.41,-304.76,4,4
121.67,-304.47,4,4
121.92,-304.17,4,4
122.18,-303.88,4,4
122.42,-303.57,4,4
122.66,-303.27,4,4
122.89,-302.96,4,4
123.12,-302.65,4,4
123.35,-302.34,4,4
123.56,-302.02,4,4
123.78,-301.7,4,4
123.99,-301.38,4,4
124.19,-301.05,4,4
124.39,-300.72,4,4
124.58,-300.38,4,4
124.77,-300.05,4,4
124.95,-299.71,4,4
125.13,-299.36,4,4
125.31,-299.02,4,4
125.47,-298.66,4,4
125.64,-298.31,4,4
125.79,-297.96,4,4
125.95,-297.6,4,4
126.1,-297.24,4,4
126.24,-296.87,4,4
126.38,-296.51,4,4
126.51,-296.14,4,4
126.64,-295.77,4,4
126.77,-295.4,4,4
126.89,-295.03,4,4
127.01,-294.65,4,4
127.12,-294.27,4,4
127.23,-293.89,4,4
127.33,-293.51,4,4
127.43,-293.12,4,4
127.53,-292.74,4,4
127.62,-292.35,4,4
127.7,-291.95,4,4
127.79,-291.56,4,4
127.86,-291.16,4,4
127.94,-290.76,4,4
128,-290.36,4,4
128.06,-289.96,4,4
128.12,-289.55,4,4
128.17,-289.14,4,4
128.22,-288.73,4,4
128.26,-288.32,4,4
128.3,-287.91,4,4
128.33,-287.49,4,4
128.36,-287.07,4,4
128.38,-286.65,4,4
128.4,-286.23,4,4
128.41,-285.81,4,4
128.42,-285.38,4,4
128.43,-284.96,4,4
128.43,-284.53,4,4
128.42,-284.1,4,4
128.42,-283.66,4,4
128.41,-283.23,4,4
128.39,-282.8,4,4
128.37,-282.36,4,4
128.34,-281.92,4,4
128.32,-281.48,4,4
128.29,-281.04,4,4
128.25,-280.6,4,4
128.22,-280.15,4,4
128.18,-279.71,4,4
128.13,-279.26,4,4
128.09,-278.81,4,4
128.04,-278.36,4,4
127.98,-277.91,4,4
127.93,-277.46,4,4
127.87,-277.01,4,4
127.81,-276.55,4,4
127.74,-276.09,4,4
127.67,-275.63,4,4
127.6,-275.17,4,4
127.52,-274.71,4,4
127.45,-274.25,4,4
127.36,-273.79,4,4
127.28,-273.32,4,4
127.19,-272.86,4,4
127.1,-272.39,4,4
127,-271.92,4,4
126.9,-271.45,4,4
126.79,-270.98,4,4
126.69,-270.51,4,4
126.57,-270.03,4,4
126.46,-269.56,4,4
126.33,-269.09,4,4
126.21,-268.61,4,4
126.08,-268.13,4,4
125.95,-267.65,4,4
125.81,-267.17,4,4
125.67,-266.69,4,4
125.53,-266.21,4,4
125.38,-265.73,4,4
125.23,-265.24,4,4
125.07,-264.76,4,4
124.91,-264.27,4,4
124.75,-263.78,4,4
124.59,-263.29,4,4
124.42,-262.8,4,4
124.25,-262.31,4,4
124.07,-261.82,4,4
123.9,-261.33,4,4
123.71,-260.84,4,4
123.53,-260.34,4,4
123.34,-259.85,4,4
123.15,-259.35,4,4
122.96,-258.85,4,4
122.76,-258.36,4,4
122.56,-257.86,4,4
122.36,-257.36,4,4
122.15,-256.86,4,4
121.94,-256.36,4,4
121.73,-255.86,4,4
121.51,-255.36,4,4
121.29,-254.86,4,4
121.06,-254.36,4,4
120.83,-253.86,4,4
120.59,-253.36,4,4
120.35,-252.86,4,4
120.1,-252.36,4,4
119.85,-251.85,4,4
119.6,-251.35,4,4
119.34,-250.85,4,4
119.08,-250.34,4,4
118.81,-249.84,4,4
118.54,-249.33,4,4
118.27,-248.82,4,4
117.99,-248.31,4,4
117.71,-247.81,4,4
117.42,-247.3,4,4
117.13,-246.79,4,4
116.84,-246.29,4,4
116.54,-245.78,4,4
116.23,-245.28,4,4
115.93,-244.77,4,4
115.61,-244.27,4,4
115.29,-243.76,4,4
114.96,-243.26,4,4
114.63,-242.76,4,4
114.3,-242.26,4,4
113.96,-241.76,4,4
113.61,-241.27,4,4
113.26,-240.77,4,4
112.9,-240.28,4,4
112.54,-239.78,4,4
112.17,-239.29,4,4
111.8,-238.8,4,4
111.42,-238.31,4,4
111.04,-237.83,4,4
110.66,-237.34,4,4
110.26,-236.86,4,4
109.87,-236.38,4,4
109.47,-235.9,4,4
109.07,-235.43,4,4
108.66,-234.95,4,4
108.24,-234.48,4,4
107.83,-234.01,4,4
107.41,-233.54,4,4
106.98,-233.08,4,4
106.56,-232.61,4,4
106.13,-232.15,4,4
105.69,-231.69,4,4
105.25,-231.23,4,4
104.81,-230.78,4,4
104.37,-230.33,4,4
103.91,-229.88,4,4
103.46,-229.44,4,4
103,-229,4,4
102.54,-228.56,4,4
102.08,-228.12,4,4
101.61,-227.69,4,4
101.14,-227.27,4,4
100.66,-226.85,4,4
100.18,-226.43,4,4
99.696,-226.01,4,4
99.206,-225.61,4,4
98.717,-225.2,4,4
98.222,-224.8,4,4
97.724,-224.4,4,4
97.226,-224.01,4,4
96.721,-223.62,4,4
96.216,-223.23,4,4
95.708,-222.85,4,4
95.197,-222.47,4,4
94.685,-222.1,4,4
94.169,-221.73,4,4
93.652,-221.36,4,4
93.132,-220.99,4,4
92.611,-220.63,4,4
92.088,-220.27,4,4
91.56,-219.92,4,4
91.033,-219.56,4,4
90.501,-219.22,4,4
89.966,-218.87,4,4
89.431,-218.53,4,4
88.889,-218.19,4,4
88.348,-217.85,4,4
87.801,-217.52,4,4
87.252,-217.2,4,4
86.702,-216.87,4,4
86.146,-216.55,4,4
85.589,-216.23,4,4
85.028,-215.92,4,4
84.463,-215.61,4,4
83.898,-215.31,4,4
83.326,-215.01,4,4
82.754,-214.71,4,4
82.177,-214.42,4,4
81.597,-214.13,4,4
81.016,-213.84,4,4
80.428,-213.56,4,4
79.84,-213.29,4,4
79.247,-213.01,4,4
78.651,-212.74,4,4
78.054,-212.47,4,4
77.451,-212.2,4,4
76.847,-211.93,4,4
76.24,-211.67,4,4
75.63,-211.41,4,4
75.02,-211.14,4,4
74.405,-210.88,4,4
73.79,-210.62,4,4
73.171,-210.36,4,4
72.55,-210.1,4,4
71.929,-209.84,4,4
71.303,-209.58,4,4
70.676,-209.31,4,4
70.046,-209.05,4,4
69.414,-208.79,4,4
68.78,-208.53,4,4
68.141,-208.26,4,4
67.502,-208,4,4
66.859,-207.74,4,4
66.213,-207.47,4,4
65.567,-207.21,4,4
64.917,-206.94,4,4
64.266,-206.68,4,4
63.614,-206.41,4,4
62.961,-206.14,4,4
62.308,-205.87,4,4
61.655,-205.6,4,4
61.002,-205.33,4,4
60.351,-205.06,4,4
59.701,-204.79,4,4
59.051,-204.51,4,4
58.406,-204.24,4,4
57.76,-203.96,4,4
57.118,-203.68,4,4
56.478,-203.39,4,4
55.839,-203.11,4,4
55.205,-202.82,4,4
54.571,-202.53,4,4
53.94,-202.24,4,4
53.311,-201.95,4,4
52.683,-201.65,4,4
52.058,-201.35,4,4
51.433,-201.05,4,4
50.811,-200.74,4,4
50.191,-200.44,4,4
49.571,-200.13,4,4
48.954,-199.82,4,4
48.338,-199.51,4,4
47.724,-199.19,4,4
47.112,-198.87,4,4
46.501,-198.55,4,4
45.893,-198.22,4,4
45.286,-197.89,4,4
44.682,-197.56,4,4
44.081,-197.22,4,4
43.48,-196.88,4,4
42.885,-196.53,4,4
42.29,-196.18,4,4
41.699,-195.82,4,4
41.111,-195.46,4,4
40.523,-195.1,4,4
39.942,-194.72,4,4
39.361,-194.35,4,4
38.785,-193.97,4,4
38.211,-193.59,4,4
37.639,-193.2,4,4
37.074,-192.81,4,4
36.51,-192.42,4,4
35.951,-192.02,4,4
35.395,-191.62,4,4
34.841,-191.22,4,4
34.295,-190.8,4,4
33.749,-190.39,4,4
33.21,-189.97,4,4
32.674,-189.55,4,4
32.139,-189.13,4,4
31.613,-188.69,4,4
31.087,-188.26,4,4
30.567,-187.82,4,4
30.051,-187.38,4,4
29.535,-186.93,4,4
29.028,-186.48,4,4
28.52,-186.02,4,4
28.019,-185.56,4,4
27.521,-185.1,4,4
27.024,-184.63,4,4
26.536,-184.16,4,4
26.047,-183.69,4,4
25.566,-183.2,4,4
25.088,-182.72,4,4
24.611,-182.24,4,4
24.144,-181.74,4,4
23.677,-181.25,4,4
23.216,-180.75,4,4
22.76,-180.24,4,4
22.305,-179.74,4,4
21.859,-179.22,4,4
21.413,-178.71,4,4
20.973,-178.19,4,4
20.537,-177.67,4,4
20.101,-177.14,4,4
19.674,-176.61,4,4
19.246,-176.08,4,4
18.824,-175.54,4,4
18.405,-175,4,4
17.988,-174.46,4,4
17.578,-173.92,4,4
17.169,-173.37,4,4
16.767,-172.82,4,4
16.369,-172.26,4,4
15.973,-171.71,4,4
15.588,-171.14,4,4
15.203,-170.58,4,4
14.827,-170.01,4,4
14.456,-169.43,4,4
14.087,-168.86,4,4
13.731,-168.27,4,4
13.374,-167.69,4,4
13.027,-167.1,4,4
12.685,-166.5,4,4
12.345,-165.9,4,4
12.015,-165.3,4,4
11.686,-164.69,4,4
11.365,-164.08,4,4
11.048,-163.46,4,4
10.733,-162.85,4,4
10.427,-162.22,4,4
10.121,-161.6,4,4
9.8208,-160.97,4,4
9.5245,-160.33,4,4
9.2295,-159.7,4,4
8.9417,-159.06,4,4
8.6539,-158.41,4,4
8.3705,-157.77,4,4
8.0895,-157.11,4,4
7.8094,-156.46,4,4
7.5342,-155.8,4,4
7.2591,-155.15,4,4
6.9872,-154.48,4,4
6.7171,-153.81,4,4
6.4479,-153.15,4,4
6.1835,-152.47,4,4
5.9191,-151.79,4,4
5.6595,-151.11,4,4
5.4026,-150.43,4,4
5.147,-149.74,4,4
4.8991,-149.05,4,4
4.6511,-148.36,4,4
4.4101,-147.66,4,4
4.1728,-146.96,4,4
3.9371,-146.25,4,4
3.7107,-145.54,4,4
3.4844,-144.83,4,4
3.2647,-144.11,4,4
3.0486,-143.39,4,4
2.8339,-142.67,4,4
2.6273,-141.94,4,4
2.4207,-141.22,4,4
2.2196,-140.48,4,4
2.0214,-139.75,4,4
1.8245,-139.01,4,4
1.6345,-138.27,4,4
1.4444,-137.53,4,4
1.2599,-136.78,4,4
1.0783,-136.03,4,4
0.89811,-135.28,4,4
0.72544,-134.53,4,4
0.55277,-133.77,4,4
0.38633,-133.01,4,4
0.22325,-132.25,4,4
0.061715,-131.49,4,4
-0.091029,-130.72,4,4
-0.24377,-129.95,4,4
-0.38937,-129.17,4,4
-0.5311,-128.4,4,4
-0.67111,-127.62,4,4
-0.80131,-126.84,4,4
-0.9315,-126.05,4,4
-1.0539,-125.27,4,4
-1.1722,-124.48,4,4
-1.2887,-123.69,4,4
-1.3956,-122.9,4,4
-1.5025,-122.11,4,4
-1.6029,-121.32,4,4
-1.7,-120.52,4,4
-1.7958,-119.73,4,4
-1.8846,-118.93,4,4
-1.9735,-118.13,4,4
-2.0586,-117.33,4,4
-2.1416,-116.52,4,4
-2.2239,-115.72,4,4
-2.3022,-114.91,4,4
-2.3805,-114.1,4,4
-2.4562,-113.29,4,4
-2.5306,-112.48,4,4
-2.6043,-111.66,4,4
-2.6744,-110.85,4,4
-2.7446,-110.03,4,4
-2.8113,-109.2,4,4
-2.8761,-108.38,4,4
-2.9401,-107.56,4,4
-2.9991,-106.73,4,4
-3.0581,-105.9,4,4
-3.1132,-105.07,4,4
-3.166,-104.24,4,4
-3.218,-103.4,4,4
-3.2646,-102.57,4,4
-3.3112,-101.73,4,4
-3.3541,-100.89,4,4
-3.3949,-100.05,4,4
-3.435,-99.205,4,4
-3.4704,-98.358,4,4
-3.5058,-97.511,4,4
-3.5379,-96.661,4,4
-3.5683,-95.809,4,4
-3.598,-94.957,4,4
-3.6235,-94.1,4,4
-3.649,-93.243,4,4
-3.6713,-92.383,4,4
-3.6919,-91.521,4,4
-3.7118,-90.659,4,4
-3.7278,-89.792,4,4
-3.7437,-88.926,4,4
-3.757,-88.057,4,4
-3.7687,-87.186,4,4
-3.7799,-86.315,4,4
-3.788,-85.44,4,4
-3.7962,-84.565,4,4
-3.8024,-83.688,4,4
-3.8077,-82.809,4,4
-3.8126,-81.93,4,4
-3.8157,-81.047,4,4
-3.8187,-80.164,4,4
-3.8207,-79.278,4,4
-3.8221,-78.391,4,4
-3.8233,-77.503,4,4
-3.8232,-76.611,4,4
-3.8232,-75.719,4,4
-3.8221,-74.824,4,4
-3.8205,-73.927,4,4
-3.8186,-73.03,4,4
-3.8151,-72.129,4,4
-3.8117,-71.227,4,4
-3.8068,-70.323,4,4
-3.8011,-69.417,4,4
-3.7951,-68.51,4,4
-3.7869,-67.6,4,4
-3.7788,-66.689,4,4
-3.769,-65.777,4,4
-3.7583,-64.862,4,4
-3.7473,-63.948,4,4
-3.734,-63.03,4,4
-3.7208,-62.113,4,4
-3.7058,-61.193,4,4
-3.69,-60.272,4,4
-3.6737,-59.351,4,4
-3.655,-58.426,4,4
-3.6362,-57.502,4,4
-3.6154,-56.575,4,4
-3.5936,-55.648,4,4
-3.5711,-54.719,4,4
-3.5455,-53.788,4,4
-3.5199,-52.856,4,4
-3.4912,-51.922,4,4
-3.461,-50.987,4,4
-3.43,-50.051,4,4
-3.3948,-49.111,4,4
-3.3595,-48.171,4,4
-3.3212,-47.228,4,4
-3.2812,-46.284,4,4
-3.2406,-45.34,4,4
-3.1968,-44.392,4,4
-3.153,-43.444,4,4
-3.1076,-42.493,4,4
-3.0614,-41.542,4,4
-3.0151,-40.59,4,4
-2.9686,-39.637,4,4
-2.9221,-38.683,4,4
-2.8771,-37.73,4,4
-2.833,-36.776,4,4
-2.7894,-35.822,4,4
-2.7489,-34.868,4,4
-2.7085,-33.915,4,4
-2.6708,-32.962,4,4
-2.6347,-32.009,4,4
-2.5991,-31.056,4,4
-2.5666,-30.104,4,4
-2.534,-29.151,4,4
-2.5025,-28.197,4,4
-2.4717,-27.243,4,4
-2.4407,-26.288,4,4
-2.4092,-25.331,4,4
-2.3777,-24.373,4,4
-2.3441,-23.412,4,4
-2.3093,-22.45,4,4
-2.2737,-21.486,4,4
-2.2342,-20.517,4,4
-2.1948,-19.549,4,4
-2.1521,-18.576,4,4
-2.1079,-17.601,4,4
-2.063,-16.626,4,4
-2.0146,-15.645,4,4
-1.9662,-14.664,4,4
-1.9165,-13.681,4,4
-1.866,-12.695,4,4
-1.8155,-11.709,4,4
-1.7646,-10.719,4,4
-1.7137,-9.7299,4,4
-1.6636,-8.7381,4,4
-1.6141,-7.7451,4,4
-1.5648,-6.7516,4,4
-1.5176,-5.7555,4,4
-1.4703,-4.7594,4,4
-1.4247,-3.7612,4,4
-1.38,-2.7618,4,4
-1.3357,-1.7619,4,4
-1.2937,-0.759,4,4
-1.2581,0.093443,4,4
